id,url,date,headline,body,orgs,sentiment,clean_body,topics,scandal_score,top_10
0,https://www.bbc.com/news/articles/c9d4dzwdp53o?at_medium=RSS&at_campaign=rss,"Tue, 28 Apr 2026 01:44:46 GMT",King to defend democratic values as US state visit begins,King Charles and Queen Camilla have arrived in the US at the start of a four-day state visit - the first since Queen Elizabeth II's visit in 2007. They arrived at Andrews military airbase in Maryland before being greeted at the White House by President Donald Trump and First Lady Melania Trump. Security is extremely tight after the shooting incident in Washington DC at an event attended by the president on Saturday. King Charles will address the US Congress on Tuesday and it is expected that he ,['Congress'],0.5423,king charles and queen camilla have arrived in the us at the start of a four-day state visit - the first since queen elizabeth ii's visit in 2007. they arrived at andrews military airbase in maryland before being greeted at the white house by president donald trump and first lady melania trump. security is extremely tight after the shooting incident in washington dc at an event attended by the president on saturday. king charles will address the us congress on tuesday and it is expected that he,entertainment,0.09450181,False
1,https://www.bbc.com/news/articles/c2eveyvgn9no?at_medium=RSS&at_campaign=rss,"Tue, 28 Apr 2026 06:51:10 GMT",BP profits more than double as Iran war sends oil prices higher,"BP's profits for the first three months of the year have more than doubled following a surge in oil prices since the beginning of the Iran war. In its first results since the conflict broke out, the energy giant reported profits of $3.2bn (£2.4bn) between January and March after an ""exceptional"" performance in its oil trading business. The figure was far higher than analysts had expected and more than double the $1.38bn it reported in the same period last year. The results are the first under ne",['BP'],-0.2732,"bp's profits for the first three months of the year have more than doubled following a surge in oil prices since the beginning of the iran war. in its first results since the conflict broke out, the energy giant reported profits of $3.2bn (£2.4bn) between january and march after an ""exceptional"" performance in its oil trading business. the figure was far higher than analysts had expected and more than double the $1.38bn it reported in the same period last year. the results are the first under ne",business,0.40039033,False
2,https://www.bbc.com/news/articles/cew7wez72vxo?at_medium=RSS&at_campaign=rss,"Tue, 28 Apr 2026 00:41:48 GMT",Suspect charged with attempted assassination of Trump at Washington dinner,"A California man has been charged with attempting to assassinate US President Donald Trump in an incident that has sparked a White House security review.  Cole Tomas Allen, 31, was also charged with two firearms offences when he appeared in court in Washington DC on Monday. He did not enter a plea. He was carrying a semi-automatic handgun, a pump-action shotgun and three knives as he charged past a security checkpoint at the White House Correspondents' Association dinner on Saturday, say prosecu",['White House'],-0.25,"a california man has been charged with attempting to assassinate us president donald trump in an incident that has sparked a white house security review.  cole tomas allen, 31, was also charged with two firearms offences when he appeared in court in washington dc on monday. he did not enter a plea. he was carrying a semi-automatic handgun, a pump-action shotgun and three knives as he charged past a security checkpoint at the white house correspondents' association dinner on saturday, say prosecu",sport,0.055535693,False
3,https://www.bbc.com/news/articles/cje4eeyq27lo?at_medium=RSS&at_campaign=rss,"Tue, 28 Apr 2026 00:19:49 GMT",Political violence jolts the US once again - with a familiar response,"For many in the ballroom at the White House Correspondents' Association dinner on Saturday night, the scene was painfully familiar. Shots fired, confusion and panic, and a sense that the normal order of things had been violently interrupted. Erika Kirk, whose husband, the conservative activist Charlie Kirk, was shot and killed last September, was in tears. Congressman Steve Scalise, majority leader in the House of Representatives who suffered life-threatening injuries in a shooting at a baseball",['the House of Representatives'],-0.9801,"for many in the ballroom at the white house correspondents' association dinner on saturday night, the scene was painfully familiar. shots fired, confusion and panic, and a sense that the normal order of things had been violently interrupted. erika kirk, whose husband, the conservative activist charlie kirk, was shot and killed last september, was in tears. congressman steve scalise, majority leader in the house of representatives who suffered life-threatening injuries in a shooting at a baseball",entertainment,0.27240896,False
4,https://www.bbc.com/news/articles/c30r5z3vdydo?at_medium=RSS&at_campaign=rss,"Mon, 27 Apr 2026 23:56:45 GMT","My tenant owes £15,000 in rent, but I can't get them out of the property","Rongmala became an ""accidental"" landlord when her disabilities meant she could no longer live alone. She moved in with her children and rented out her south London maisonette. But last year, her tenant stopped paying rent. Rongmala, 57, eventually sent an eviction notice and began court proceedings, but several months later the tenant is around £15,000 in rent arrears and refusing to leave. Court delays are holding up the removal of the tenant, leaving Rongmala feeling ""broken"". Some landlords a",['Court'],-0.8898,"rongmala became an ""accidental"" landlord when her disabilities meant she could no longer live alone. she moved in with her children and rented out her south london maisonette. but last year, her tenant stopped paying rent. rongmala, 57, eventually sent an eviction notice and began court proceedings, but several months later the tenant is around £15,000 in rent arrears and refusing to leave. court delays are holding up the removal of the tenant, leaving rongmala feeling ""broken"". some landlords a",entertainment,0.2312254,False
5,https://www.bbc.com/news/articles/ce9n794g42zo?at_medium=RSS&at_campaign=rss,"Mon, 27 Apr 2026 16:05:56 GMT",When Attenborough met the gorillas - the story behind his iconic TV moment,"It is the most memorable moment of Sir David Attenborough's broadcasting career. A short sequence of his encounter with a group of playful mountain gorillas in a forest clearing in Rwanda. ""There is more meaning and mutual understanding in exchanging a glance with a gorilla than any other animal I know,"" he tells the camera, as a female gorilla observes him from just a few feet away.  The footage for his 1979 Life on Earth series was not just unexpected, it said something profound about our clos",[],0.4404,"it is the most memorable moment of sir david attenborough's broadcasting career. a short sequence of his encounter with a group of playful mountain gorillas in a forest clearing in rwanda. ""there is more meaning and mutual understanding in exchanging a glance with a gorilla than any other animal i know,"" he tells the camera, as a female gorilla observes him from just a few feet away.  the footage for his 1979 life on earth series was not just unexpected, it said something profound about our clos",sport,0.28215593,False
6,https://www.bbc.com/news/articles/cm2pn8zdxdjo?at_medium=RSS&at_campaign=rss,"Tue, 28 Apr 2026 04:17:34 GMT",Russian superyacht sails through Strait of Hormuz despite blockade,"A superyacht linked to one of Russian President Vladimir Putin's key allies has sailed through the Strait of Hormuz, despite the ongoing blockade of the critical shipping channel. The 142m-long (465 feet) Nord luxury boat, linked to sanctioned Russian billionaire Alexey Mordashov, travelled from Dubai to Muscat, Oman over the weekend, one of a few private vessels to transit through the strait in recent months. Iran has engaged with Russia in high-level talks this week as its standoff with the US",[],0.1027,"a superyacht linked to one of russian president vladimir putin's key allies has sailed through the strait of hormuz, despite the ongoing blockade of the critical shipping channel. the 142m-long (465 feet) nord luxury boat, linked to sanctioned russian billionaire alexey mordashov, travelled from dubai to muscat, oman over the weekend, one of a few private vessels to transit through the strait in recent months. iran has engaged with russia in high-level talks this week as its standoff with the us",business,0.16481893,False
7,https://www.bbc.com/news/articles/cn898mrkjl5o?at_medium=RSS&at_campaign=rss,"Tue, 28 Apr 2026 02:33:39 GMT",Figures show rise in suicides after domestic abuse,"There has been a sizeable rise in the number of victims of domestic abuse who took their own lives in England and Wales, official figures show. Some 150 people are suspected of taking their own lives in the year to March 2025, up from 98 suicides in the previous 12 months, according to data from the National Police Chiefs' Council (NPCC). Police believe improved awareness and a change in reporting practice have driven the rise in the figures. The Domestic Homicide Project found 8% of victims wer","['The Domestic Homicide Project', 'NPCC', ""the National Police Chiefs' Council""]",-0.743,"there has been a sizeable rise in the number of victims of domestic abuse who took their own lives in england and wales, official figures show. some 150 people are suspected of taking their own lives in the year to march 2025, up from 98 suicides in the previous 12 months, according to data from the national police chiefs' council (npcc). police believe improved awareness and a change in reporting practice have driven the rise in the figures. the domestic homicide project found 8% of victims wer",business,0.21163186,False
8,https://www.bbc.com/news/articles/c5y7d2zx63jo?at_medium=RSS&at_campaign=rss,"Tue, 28 Apr 2026 06:31:15 GMT",Minister promises 'some form' of social media restrictions for under-16s,"The government will ""impose some form of age or functionality restrictions"" on social media for under-16s, Education Minister Olivia Bailey has said. Ministers proposed further amendments on Monday evening as they sought to end the stand-off with peers over the Children's Wellbeing and Schools Bill. The House of Lords had voted in support of a social media ban for under-16s for a fourth time on Monday afternoon. Conservative shadow education secretary Laura Trott described the government's lates","['Education', ""the Children's Wellbeing"", 'The House of Lords']",-0.4767,"the government will ""impose some form of age or functionality restrictions"" on social media for under-16s, education minister olivia bailey has said. ministers proposed further amendments on monday evening as they sought to end the stand-off with peers over the children's wellbeing and schools bill. the house of lords had voted in support of a social media ban for under-16s for a fourth time on monday afternoon. conservative shadow education secretary laura trott described the government's lates",politics,0.081679344,False
9,https://www.bbc.com/news/articles/ckgp1r0lv8vo?at_medium=RSS&at_campaign=rss,"Tue, 28 Apr 2026 03:51:56 GMT",Man who murdered UK dad in Australia declared mentally unfit for trial,"A man who murdered a British tourist in a regional Australian town has been declared mentally unfit for trial. Royce Mallett, a father of two children from County Durham, was stabbed in the chest by a stranger in the car park of a motel in Albury, New South Wales, on 8 July 2024. David Summers-Smith - who has schizophrenia and was displaying symptoms of psychosis at the time of the attack - pleaded not guilty to his murder due to mental impairment. A judge on Tuesday found he did commit the murd",[],-0.9112,"a man who murdered a british tourist in a regional australian town has been declared mentally unfit for trial. royce mallett, a father of two children from county durham, was stabbed in the chest by a stranger in the car park of a motel in albury, new south wales, on 8 july 2024. david summers-smith - who has schizophrenia and was displaying symptoms of psychosis at the time of the attack - pleaded not guilty to his murder due to mental impairment. a judge on tuesday found he did commit the murd",entertainment,0.16567452,False
10,https://www.bbc.com/news/articles/c04x40d4424o?at_medium=RSS&at_campaign=rss,"Tue, 28 Apr 2026 06:09:43 GMT",Jimmy Kimmel rejects White House criticism over Melania widow joke,"Late-night host Jimmy Kimmel has defended a joke in which he called Melania Trump an ""expectant widow"" just days before a shooting incident at the White House Correspondents' Dinner. The first lady described a Kimmel sketch which aired last Thursday as ""hateful and violent"", and the White House urged his network, ABC, to fire the comedian. Three days later, a gunman opened fire at the White House Correspondents' dinner in Washington DC, which Donald Trump attended with Melania. Authorities have ","['ABC', 'Kimmel', 'the White House']",-0.4939,"late-night host jimmy kimmel has defended a joke in which he called melania trump an ""expectant widow"" just days before a shooting incident at the white house correspondents' dinner. the first lady described a kimmel sketch which aired last thursday as ""hateful and violent"", and the white house urged his network, abc, to fire the comedian. three days later, a gunman opened fire at the white house correspondents' dinner in washington dc, which donald trump attended with melania. authorities have",entertainment,0.18909512,False
11,https://www.bbc.com/news/articles/c86e6z26xdpo?at_medium=RSS&at_campaign=rss,"Tue, 28 Apr 2026 05:33:17 GMT",In pictures: King Charles and Queen Camilla begin US state visit,"King Charles III and Queen Camilla have arrived in the US at the start of their four-day state visit to the US - the first since Queen Elizabeth II's state visit in 2007. The trip, which comes as the US approaches the 250th anniversary of its independence from Britain, is aimed at celebrating the strong relationship between the two countries. The red carpet was rolled out for King Charles and the Queen as they began their four-day visit. They were greeted with flowers from children of UK service",[],0.8442,"king charles iii and queen camilla have arrived in the us at the start of their four-day state visit to the us - the first since queen elizabeth ii's state visit in 2007. the trip, which comes as the us approaches the 250th anniversary of its independence from britain, is aimed at celebrating the strong relationship between the two countries. the red carpet was rolled out for king charles and the queen as they began their four-day visit. they were greeted with flowers from children of uk service",business,0.16629423,False
12,https://www.bbc.com/news/articles/c2e2dd08rdko?at_medium=RSS&at_campaign=rss,"Tue, 28 Apr 2026 04:25:36 GMT",'United King Don' and 'PM battles to block sleaze vote'," Almost all of the front pages carry photographs of King Charles III and Queen Camilla meeting US President Donald Trump at the White House, at the start of their state visit to the US. The Daily Mirror focuses on hopes that the trip will ease strained transatlantic relations by calling the visit the King's ""American mission"" and describing him as a ""peace envoy"". The Sun's headline reads ""United King Don"". The Times looks ahead to the King addressing the US Congress. The paper says he's expecte","['The Daily Mirror', 'the US Congress', 'Sun', 'Times']",0.836,"almost all of the front pages carry photographs of king charles iii and queen camilla meeting us president donald trump at the white house, at the start of their state visit to the us. the daily mirror focuses on hopes that the trip will ease strained transatlantic relations by calling the visit the king's ""american mission"" and describing him as a ""peace envoy"". the sun's headline reads ""united king don"". the times looks ahead to the king addressing the us congress. the paper says he's expecte",business,0.1251318,False
13,https://www.bbc.com/news/articles/cpvxg1vzxzjo?at_medium=RSS&at_campaign=rss,"Mon, 27 Apr 2026 23:03:39 GMT","'I had £20,000 stolen and had to fight a 13-month fraud reporting rule to get it back'","Sarah, not her real name, had £20,000 stolen in an investment fraud so sophisticated it was 17 months before she discovered it was a scam. Lloyds bank initially told her there was a 13-month time limit on reporting scams so it would only refund her £1,000. Within a day of BBC Radio 4's Money Box investigating it refunded her in full. National Trading Standards has called for an urgent review of the 13-month rule to better protect victims of push payment scams - when criminals trick victims into ","['Money Box', 'Lloyds bank', 'National Trading Standards', ""BBC Radio 4's""]",-0.9421,"sarah, not her real name, had £20,000 stolen in an investment fraud so sophisticated it was 17 months before she discovered it was a scam. lloyds bank initially told her there was a 13-month time limit on reporting scams so it would only refund her £1,000. within a day of bbc radio 4's money box investigating it refunded her in full. national trading standards has called for an urgent review of the 13-month rule to better protect victims of push payment scams - when criminals trick victims into",sport,0.17726451,False
14,https://www.bbc.com/news/articles/cd7jpg4w181o?at_medium=RSS&at_campaign=rss,"Mon, 27 Apr 2026 23:03:10 GMT",Why Spotify has no button to filter out AI music,"In mid-2025, frustration boiled over for Cedrik Sixtus. Finding his Spotify playlists increasingly sprinkled with tracks he suspected were AI generated, the Leipzig-based software developer built a tool to automatically label and block them from his listening. He uploaded his Spotify AI Blocker to a couple of code-sharing websites, where hundreds have downloaded it. It filters out a growing list of more than 4,700 suspected AI artists, drawing on already existing community tracking efforts, and ","['Spotify AI Blocker', 'AI']",-0.7964,"in mid-2025, frustration boiled over for cedrik sixtus. finding his spotify playlists increasingly sprinkled with tracks he suspected were ai generated, the leipzig-based software developer built a tool to automatically label and block them from his listening. he uploaded his spotify ai blocker to a couple of code-sharing websites, where hundreds have downloaded it. it filters out a growing list of more than 4,700 suspected ai artists, drawing on already existing community tracking efforts, and",sport,0.15537709,False
15,https://www.bbc.com/news/articles/c86e6g6989qo?at_medium=RSS&at_campaign=rss,"Tue, 28 Apr 2026 05:07:59 GMT",'My husband might give up work to care for our kids' - nursery bills in Wales highest in Britain,"Mum-of-two Charlotte Seddon says she and her husband might have had more children if it wasn't for the high cost of childcare in Wales. ""We would have had the children closer together. We possibly may have had more,"" said Seddon, from Connah's Quay, Flintshire. ""But the cost of childcare is the main concern about having them... And I think a lot of the mums that I speak to are in the same situation."" Nursery costs for under-twos are more expensive in Wales than anywhere else in Great Britain, ac","['ac', 'Seddon']",0.7684,"mum-of-two charlotte seddon says she and her husband might have had more children if it wasn't for the high cost of childcare in wales. ""we would have had the children closer together. we possibly may have had more,"" said seddon, from connah's quay, flintshire. ""but the cost of childcare is the main concern about having them... and i think a lot of the mums that i speak to are in the same situation."" nursery costs for under-twos are more expensive in wales than anywhere else in great britain, ac",sport,0.17328896,False
16,https://www.bbc.com/news/articles/c78q55nxdp3o?at_medium=RSS&at_campaign=rss,"Mon, 27 Apr 2026 23:30:17 GMT",Man pleads guilty to murder 2 decades after death of Run DMC's Jam Master Jay,"A man has pleaded guilty to a charge of murder more than 20 years after the fatal ambush shooting of Run-DMC's Jam Master Jay.  Jay Bryant, 52, changed his plea on Monday to guilty, telling a judge that he helped others get into a building to ambush and kill Jay Mizell, the pioneering rap star who was known as Jam Master Jay. Prosecutors said that Bryant's DNA was found on a hat inside the recording studio where Mizell was shot in the head in 2002. Bryant originally pleaded not guilty when he wa","[""Run-DMC's""]",-0.9694,"a man has pleaded guilty to a charge of murder more than 20 years after the fatal ambush shooting of run-dmc's jam master jay.  jay bryant, 52, changed his plea on monday to guilty, telling a judge that he helped others get into a building to ambush and kill jay mizell, the pioneering rap star who was known as jam master jay. prosecutors said that bryant's dna was found on a hat inside the recording studio where mizell was shot in the head in 2002. bryant originally pleaded not guilty when he wa",entertainment,0.057721846,False
17,https://www.bbc.com/news/articles/ckgegg8r0v1o?at_medium=RSS&at_campaign=rss,"Tue, 28 Apr 2026 04:18:54 GMT",Rescuers race to free survivors trapped inside train after fatal Indonesia crash,"Rescuers are racing to try and free people trapped inside a train involved in a fatal collision outside the Indonesian capital Jakarta on Monday. At least 14 people were killed and dozens injured in the accident which took place when a stationary passenger train was hit from behind by a long-distance commuter train running on the same track.  Local media ran footage of passengers on medical trolleys near Bekasi Timur Station, with other images showing rescuers trying to free people from the trai",['Bekasi Timur Station'],-0.9201,"rescuers are racing to try and free people trapped inside a train involved in a fatal collision outside the indonesian capital jakarta on monday. at least 14 people were killed and dozens injured in the accident which took place when a stationary passenger train was hit from behind by a long-distance commuter train running on the same track.  local media ran footage of passengers on medical trolleys near bekasi timur station, with other images showing rescuers trying to free people from the trai",entertainment,0.24766682,False
18,https://www.bbc.com/news/articles/c05d5qgprjzo?at_medium=RSS&at_campaign=rss,"Mon, 27 Apr 2026 23:05:27 GMT",Terror trial to begin for man accused of plotting attack on Taylor Swift concert,"A 21-year-old man is going on trial in Austria charged with planning and preparing a terrorist attack on a Taylor Swift concert in Vienna in August 2024. The Austrian man, named only as Beran A., has been charged with terrorism and other offences and is appearing in court in Wiener Neustadt, just south of the capital. He was arrested after a tip-off from the CIA just before Swift's opening concert in Vienna in 2024. As a result, all three sold-out gigs by the US superstar singer at Vienna's Erns","['Swift', 'CIA']",-0.9623,"a 21-year-old man is going on trial in austria charged with planning and preparing a terrorist attack on a taylor swift concert in vienna in august 2024. the austrian man, named only as beran a., has been charged with terrorism and other offences and is appearing in court in wiener neustadt, just south of the capital. he was arrested after a tip-off from the cia just before swift's opening concert in vienna in 2024. as a result, all three sold-out gigs by the us superstar singer at vienna's erns",entertainment,0.19328775,False
19,https://www.bbc.com/news/articles/c7v953jyj76o?at_medium=RSS&at_campaign=rss,"Tue, 28 Apr 2026 06:03:22 GMT",Rebel Wilson says claims she bullied women on her film are 'absolute nonsense',"Hollywood star Rebel Wilson says claims she bullied women on her film are ""absolute nonsense"" as she gave evidence for the first time in a high-profile defamation case against her in Sydney. The Bridesmaids actress is being sued by a young Australian actress Charlotte MacInnes - who stars in Wilson's directorial debut, The Deb - over a series of Instagram posts in 2024 and 2025. MacInnes says Wilson ruined her reputation by calling her a liar for complaining about sexual harassment by producer A","['Instagram', 'Wilson', 'MacInnes']",-0.959,"hollywood star rebel wilson says claims she bullied women on her film are ""absolute nonsense"" as she gave evidence for the first time in a high-profile defamation case against her in sydney. the bridesmaids actress is being sued by a young australian actress charlotte macinnes - who stars in wilson's directorial debut, the deb - over a series of instagram posts in 2024 and 2025. macinnes says wilson ruined her reputation by calling her a liar for complaining about sexual harassment by producer a",entertainment,0.19649991,False
20,https://www.bbc.com/news/articles/cg4047qnpk2o?at_medium=RSS&at_campaign=rss,"Mon, 27 Apr 2026 16:36:50 GMT","Claire's closes all 154 stores in UK and Ireland with loss of 1,300 jobs","All Claire's standalone stores in the UK and Ireland have stopped trading after the accessories chain's financial woes saw it fall into administration twice in a year. Administrators Kroll said 154 stores have shut and more than 1,300 staff have been ""notified of redundancy"", though its 350 concessions will remain open. Known for its colourful shop fronts and racks of jewellery, bracelets and its ear piercing services, the brand's bright purple branding was a familiar sight for millions of teens","['jewellery', 'Kroll']",-0.2263,"all claire's standalone stores in the uk and ireland have stopped trading after the accessories chain's financial woes saw it fall into administration twice in a year. administrators kroll said 154 stores have shut and more than 1,300 staff have been ""notified of redundancy"", though its 350 concessions will remain open. known for its colourful shop fronts and racks of jewellery, bracelets and its ear piercing services, the brand's bright purple branding was a familiar sight for millions of teens",business,0.12776765,False
21,https://www.bbc.com/news/articles/c62d43vdgmmo?at_medium=RSS&at_campaign=rss,"Tue, 28 Apr 2026 03:28:48 GMT",IS claims responsibility for Nigeria attack that killed 29 people,"Gunmen have killed at least 29 people in an attack on a village in Nigeria's north-eastern Adamawa state, local officials say. The Islamic State group (IS) has claimed responsibility for the attack, without specifying its motive. Authorities and local residents say the militants raided a football pitch where people had been gathering and opened fire at random, before burning houses, places of worship and motorcycles. State governor Ahmadu Umaru Fintiri shared photos of himself arriving at the sc","['Ahmadu Umaru Fintiri', 'the sc']",-0.8591,"gunmen have killed at least 29 people in an attack on a village in nigeria's north-eastern adamawa state, local officials say. the islamic state group (is) has claimed responsibility for the attack, without specifying its motive. authorities and local residents say the militants raided a football pitch where people had been gathering and opened fire at random, before burning houses, places of worship and motorcycles. state governor ahmadu umaru fintiri shared photos of himself arriving at the sc",business,0.19950634,False
22,https://www.bbc.com/news/articles/c202r5d5pzzo?at_medium=RSS&at_campaign=rss,"Tue, 28 Apr 2026 03:31:10 GMT",Executions in North Korea ramped up significantly during pandemic - report,"Executions rose sharply in North Korea during the Covid-19 pandemic, according to a Seoul-based NGO. From January 2020 to the end of 2024, at least 153 people were executed or sentenced to death - a sharp increase from 44 people in the five years before the pandemic, according to a report by the Transitional Justice Working Group (TJWG). Some of the most common offences were related to religion, superstition and foreign cultural content - including the consumption of K-dramas and K-pop. The numb","['TJWG', 'the Transitional Justice Working Group']",-0.5233,"executions rose sharply in north korea during the covid-19 pandemic, according to a seoul-based ngo. from january 2020 to the end of 2024, at least 153 people were executed or sentenced to death - a sharp increase from 44 people in the five years before the pandemic, according to a report by the transitional justice working group (tjwg). some of the most common offences were related to religion, superstition and foreign cultural content - including the consumption of k-dramas and k-pop. the numb",business,0.250754,False
23,https://www.bbc.co.uk/news/10628994?at_medium=RSS&at_campaign=rss,"Wed, 30 Apr 2025 14:04:28 GMT",The BBC News app keeps you informed with live and breaking news you can trust,"The BBC News app is available for Android and iOS devices With the latest news and analysis from our journalists around the world and the unique human stories behind current events, we've got the best of our journalism in one place on the BBC News app. Click here, external to download the BBC News app from the App Store for iPhone, iPad and iPod Touch. Click here, external to download the BBC News app from Google Play for Android devices. If you're outside the UK, you can download the BBC app he","['iPad', 'Google', 'BBC News', 'iPod Touch', 'BBC', 'Android']",0.765,"the bbc news app is available for android and ios devices with the latest news and analysis from our journalists around the world and the unique human stories behind current events, we've got the best of our journalism in one place on the bbc news app. click here, external to download the bbc news app from the app store for iphone, ipad and ipod touch. click here, external to download the bbc news app from google play for android devices. if you're outside the uk, you can download the bbc app he",entertainment,0.1292139,False
24,https://www.bbc.co.uk/sounds/play/p0ngxnlq?at_medium=RSS&at_campaign=rss,"Mon, 27 Apr 2026 19:57:00 GMT","The King Arrives In The US, But Can He Mend The Special Relationship?"," Use BBC.com or the new BBC App to listen to BBC podcasts, Radio 4 and the World Service outside the UK. Find out how to listen to other BBC stations News,·27 Apr 2026,·35 mins Available for over a year Today, the King has arrived to meet President Trump for the US state visit. His arrival comes as security concerns are heightened after a shooting during the White House correspondents dinner on Saturday.

The visit is also happening at a time when the Prime Minister is having trouble at home. Si","['the World Service', 'the White House', 'Radio 4', 'BBC', 'BBC App']",-0.0772,"use bbc.com or the new bbc app to listen to bbc podcasts, radio 4 and the world service outside the uk. find out how to listen to other bbc stations news,·27 apr 2026,·35 mins available for over a year today, the king has arrived to meet president trump for the us state visit. his arrival comes as security concerns are heightened after a shooting during the white house correspondents dinner on saturday.

the visit is also happening at a time when the prime minister is having trouble at home. si",entertainment,0.24687868,False
25,https://www.bbc.co.uk/sounds/play/p0ngrsbh?at_medium=RSS&at_campaign=rss,"Sun, 26 Apr 2026 23:14:00 GMT",Who is Trump’s “would-be assassin”… were there security failings at DC shooting?," Use BBC.com or the new BBC App to listen to BBC podcasts, Radio 4 and the World Service outside the UK. Find out how to listen to other BBC stations News,·26 Apr 2026,·34 mins Available for over a year The US president says the gunman who stormed a security perimeter at the White House correspondents’ dinner had written a “manifesto”.   
Investigators are continuing to examine a possible motive for the attack which appeared to be aimed at the president and his top aides.
In this episode, Justin","['Justin', 'the World Service', 'the White House', 'Radio 4', 'BBC', 'BBC App']",0.0258,"use bbc.com or the new bbc app to listen to bbc podcasts, radio 4 and the world service outside the uk. find out how to listen to other bbc stations news,·26 apr 2026,·34 mins available for over a year the us president says the gunman who stormed a security perimeter at the white house correspondents’ dinner had written a “manifesto”.   
investigators are continuing to examine a possible motive for the attack which appeared to be aimed at the president and his top aides.
in this episode, justin",entertainment,0.16715568,False
26,https://www.bbc.com/sport/football/articles/cqxpjrlry4xo?at_medium=RSS&at_campaign=rss,"Mon, 27 Apr 2026 23:09:45 GMT",All but back in Champions League - yet big decisions loom at Man Utd,"This video can not be played Man Utd survive Brentford fightback to earn crucial win ""One more year, one more year Casemiro,"" bellowed the Stretford End as the Brazilian midfielder made his way down the tunnel to the Manchester United dressing room. The 34-year-old had just completed the full 90 minutes in a 2-1 win over Brentford that highlighted everything that makes him such an important player. After scoring for the third successive home game, he celebrated by pointing to the badge on his sh",['the Stretford End'],0.9429,"this video can not be played man utd survive brentford fightback to earn crucial win ""one more year, one more year casemiro,"" bellowed the stretford end as the brazilian midfielder made his way down the tunnel to the manchester united dressing room. the 34-year-old had just completed the full 90 minutes in a 2-1 win over brentford that highlighted everything that makes him such an important player. after scoring for the third successive home game, he celebrated by pointing to the badge on his sh",sport,0.07501514,False
27,https://www.bbc.com/sport/snooker/articles/cpwp88qx8zgo?at_medium=RSS&at_campaign=rss,"Mon, 27 Apr 2026 22:40:17 GMT",Robertson calls for ban on O'Sullivan's chalk,"Ronnie O'Sullivan led 8-3 and 9-4 but lost 13-12 in an epic last-16 tie against John Higgins Former world champion Neil Robertson has called for a controversial chalk used by Ronnie O'Sullivan to be banned, saying most other players ""hate it"" and that it ""makes an absolute mess of the table"". O'Sullivan, 50, is one of only a handful of players on the World Snooker Tour (WST) to still use the traditional Triangle Chalk. Critics say it causes more poor contacts, leading to 'kicks' when the cue bal",['the World Snooker Tour'],-0.9632,"ronnie o'sullivan led 8-3 and 9-4 but lost 13-12 in an epic last-16 tie against john higgins former world champion neil robertson has called for a controversial chalk used by ronnie o'sullivan to be banned, saying most other players ""hate it"" and that it ""makes an absolute mess of the table"". o'sullivan, 50, is one of only a handful of players on the world snooker tour (wst) to still use the traditional triangle chalk. critics say it causes more poor contacts, leading to 'kicks' when the cue bal",sport,0.13677096,False
28,https://www.bbc.com/sport/football/articles/c5yw5g3e7nko?at_medium=RSS&at_campaign=rss,"Tue, 28 Apr 2026 04:54:13 GMT",Ranking the players who could decide the Champions League semi-finals,"It's the business end of the Champions League, where heroes are made and Ballon d'Or winners forged. But which players will prove most pivotal to their team's success? This week, with Paris St-Germain facing Bayern Munich and Atletico Madrid hosting Arsenal in the semi-finals, we're looking at those key cogs among the clubs battling for Europeâs grandest prize.  This is not a list merely of the biggest stars - although many of them feature - but those players whose presence could be vital to t","['the Champions League', 'Ballon']",0.9668,"it's the business end of the champions league, where heroes are made and ballon d'or winners forged. but which players will prove most pivotal to their team's success? this week, with paris st-germain facing bayern munich and atletico madrid hosting arsenal in the semi-finals, we're looking at those key cogs among the clubs battling for europeâs grandest prize.  this is not a list merely of the biggest stars - although many of them feature - but those players whose presence could be vital to t",sport,0.074686885,False
29,https://www.bbc.com/sport/formula1/articles/c87w70zp5l0o?at_medium=RSS&at_campaign=rss,"Tue, 28 Apr 2026 05:56:22 GMT",Will rule changes make noticeable difference in Miami? F1 Q&A,"Ferrari's Charles Leclerc finished third in Japan, with Mercedes' George Russell fourth The Formula 1 season finally resumes this weekend with the Miami Grand Prix - the first race in five weeks. Going into the fourth grand prix of the year, Mercedes' 19-year-old Italian Kimi Antonelli leads the drivers' championship from team-mate George Russell. Miami will be the first event since a series of rule changes to address concerns about the new engine regulations. BBC F1 correspondent Andrew Benson ","['Ferrari', 'Mercedes', 'BBC F1']",0.836,"ferrari's charles leclerc finished third in japan, with mercedes' george russell fourth the formula 1 season finally resumes this weekend with the miami grand prix - the first race in five weeks. going into the fourth grand prix of the year, mercedes' 19-year-old italian kimi antonelli leads the drivers' championship from team-mate george russell. miami will be the first event since a series of rule changes to address concerns about the new engine regulations. bbc f1 correspondent andrew benson",sport,0.18394692,False
30,https://www.bbc.com/sport/football/articles/cx2w2d178j5o?at_medium=RSS&at_campaign=rss,"Tue, 28 Apr 2026 05:45:11 GMT",The tactical fluidity that makes PSG so impressive,"Luis Enrique guided Paris St-Germain to their first Champions League triumph in 2025 Champions League holders Paris St-Germain are into the semi-finals of this season's competition and strong contenders to repeat last year's impressive feat. Despite boasting squads that have included the likes of Lionel Messi, Neymar and Kylian Mbappe, it is the current side - who host Bayern Munich in the first leg on Tuesday (20:00 BST) - that has played the club's most impressive football. This month, manager","['Champions League', 'BST']",0.975,"luis enrique guided paris st-germain to their first champions league triumph in 2025 champions league holders paris st-germain are into the semi-finals of this season's competition and strong contenders to repeat last year's impressive feat. despite boasting squads that have included the likes of lionel messi, neymar and kylian mbappe, it is the current side - who host bayern munich in the first leg on tuesday (20:00 bst) - that has played the club's most impressive football. this month, manager",sport,0.15443586,False
31,https://www.bbc.com/sport/darts/articles/ckg9ggjxeylo?at_medium=RSS&at_campaign=rss,"Mon, 27 Apr 2026 19:44:43 GMT",Greaves becomes first female PDC title winner,"Beau Greaves' victory against Michael Smith featured a 170 checkout Beau Greaves became the first woman to win a PDC ranking title by defeating Michael Smith 8-7 in the Players Championship 11 final in Milton Keynes. The 22-year-old checked out with 142 in the deciding leg to seal victory against the former world champion, closing with a double 11. She also took out 170 in leg nine, on her way to a 80% checkout success and an average of 96.49.  Greaves enjoyed a strong run to the final, defeatin",[],0.9601,"beau greaves' victory against michael smith featured a 170 checkout beau greaves became the first woman to win a pdc ranking title by defeating michael smith 8-7 in the players championship 11 final in milton keynes. the 22-year-old checked out with 142 in the deciding leg to seal victory against the former world champion, closing with a double 11. she also took out 170 in leg nine, on her way to a 80% checkout success and an average of 96.49.  greaves enjoyed a strong run to the final, defeatin",sport,0.14729124,False
32,https://www.bbc.com/sport/football/articles/cwywy9kkdp6o?at_medium=RSS&at_campaign=rss,"Mon, 27 Apr 2026 22:33:44 GMT",Who had 'sliding doors moment'? Deeney's team of the week,"After every round of Premier League matches this season, BBC football pundit Troy Deeney will give you his team and manager of the week. Here are this week's choices. Do you agree? Give us your thoughts using the comments form at the bottom of this page. Antonin Kinsky (Tottenham): What a difference two months makes. This guy was being laughed at for his Atletico Madrid performance, when he gave away two goals and was subtituted after 17 minutes. People were saying he would never play for the cl",['BBC'],0.5368,"after every round of premier league matches this season, bbc football pundit troy deeney will give you his team and manager of the week. here are this week's choices. do you agree? give us your thoughts using the comments form at the bottom of this page. antonin kinsky (tottenham): what a difference two months makes. this guy was being laughed at for his atletico madrid performance, when he gave away two goals and was subtituted after 17 minutes. people were saying he would never play for the cl",sport,0.1181625,False
33,https://www.bbc.com/news/articles/c4gjger58jzo?at_medium=RSS&at_campaign=rss,"Mon, 27 Apr 2026 09:19:11 GMT",Trump says King will be 'very safe' during US visit after security talks,"Donald Trump has said King Charles III will ""be very safe"" during his state visit to the US, which is due to begin later on Monday. Further security talks took place between the White House and Buckingham Palace after a gunman gained access to an event attended by Trump in Washington DC on Saturday. Asked about the security implications for the royal visit, the US president told CBS' 60 Minutes on Sunday that the grounds of the White House, where King Charles will visit, are ""really safe"". The K","['Trump', 'CBS', 'the White House']",0.8622,"donald trump has said king charles iii will ""be very safe"" during his state visit to the us, which is due to begin later on monday. further security talks took place between the white house and buckingham palace after a gunman gained access to an event attended by trump in washington dc on saturday. asked about the security implications for the royal visit, the us president told cbs' 60 minutes on sunday that the grounds of the white house, where king charles will visit, are ""really safe"". the k",entertainment,0.2281985,False
34,https://www.bbc.com/news/articles/cvg0gxrgklro?at_medium=RSS&at_campaign=rss,"Mon, 27 Apr 2026 16:54:13 GMT",Pakistan accused of attacking Afghan university,"Pakistani attacks on the east Afghan province of Kunar have killed at least seven people and injured 75, among whom are students and a professor at Kunar University, multiple sources have told the BBC.  According to the Taliban government, 30 of the injured are university students.   Pakistan's information ministry denied attacking the university and residential areas, saying the reports were fake.  Reports of the Kunar attacks come several weeks after a Pakistani air strike on a drug rehabilita","['BBC', 'Taliban', 'Kunar University']",-0.9756,"pakistani attacks on the east afghan province of kunar have killed at least seven people and injured 75, among whom are students and a professor at kunar university, multiple sources have told the bbc.  according to the taliban government, 30 of the injured are university students.   pakistan's information ministry denied attacking the university and residential areas, saying the reports were fake.  reports of the kunar attacks come several weeks after a pakistani air strike on a drug rehabilita",business,0.21156171,False
35,https://www.bbc.com/news/articles/cx2d2ennv95o?at_medium=RSS&at_campaign=rss,"Mon, 27 Apr 2026 17:13:35 GMT",Venice opera house drops incoming music director after nepotism remarks,"Venice's prestigious La Fenice opera house has sacked its incoming music director Beatrice Venezi, months before she was supposed to take up the position. In an interview with an Argentine daily, Venezi, 36, insinuated that jobs in the opera orchestra were ""practically passed down from father to son"", angering musicians. ""I have no godfathers. That is the difference. I do not come from a family of musicians,"" Venezi said, adding that those who opposed her were ""afraid of change, of renewal"". Day",['La Fenice'],-0.6597,"venice's prestigious la fenice opera house has sacked its incoming music director beatrice venezi, months before she was supposed to take up the position. in an interview with an argentine daily, venezi, 36, insinuated that jobs in the opera orchestra were ""practically passed down from father to son"", angering musicians. ""i have no godfathers. that is the difference. i do not come from a family of musicians,"" venezi said, adding that those who opposed her were ""afraid of change, of renewal"". day",entertainment,0.189456,False
36,https://www.bbc.com/news/articles/cjd8dmx41vko?at_medium=RSS&at_campaign=rss,"Mon, 27 Apr 2026 15:39:29 GMT",Gunmen raid Nigerian orphanage and kidnap children,"Eight children are still missing after gunmen raided an unregistered orphanage in Nigeria's north-central Kogi State and kidnapped 23, authorities have said. Kogi's information commissioner Kingsley Fanwo said 15 children were rescued due to the ""prompt and coordinated response"" of security agencies. Sunday's attack also saw the owner of the facility taken, he added. No group has claimed responsibility for the attack, but security sources say the state has a functional Boko Haram cell, and that ",['Kingsley Fanwo'],0.1027,"eight children are still missing after gunmen raided an unregistered orphanage in nigeria's north-central kogi state and kidnapped 23, authorities have said. kogi's information commissioner kingsley fanwo said 15 children were rescued due to the ""prompt and coordinated response"" of security agencies. sunday's attack also saw the owner of the facility taken, he added. no group has claimed responsibility for the attack, but security sources say the state has a functional boko haram cell, and that",business,0.19421583,False
37,https://www.bbc.com/news/articles/cwyjykv4j9do?at_medium=RSS&at_campaign=rss,"Mon, 27 Apr 2026 11:42:59 GMT",Colombia offers record $1.4m-reward for rebel it blames for deadly bomb attack,"Colombia's Defence Minister Pedro Sánchez says he is offering a record reward for information leading to the capture of a rebel leader known as ""Marlon"". ""Marlon"", whose real name is Iván Jacob Idrobo Arredondo, is suspected of having ordered Saturday's bomb attack on the Pan-American Highway, in which 20 people were killed. The attack is one of the deadliest targeting civilians and comes just over a month before presidential elections scheduled for 31 May. Sánchez said the 5bn peso ($1.4m; £1m)","['Defence', 'Iván Jacob Idrobo Arredondo', 'Pan-American Highway']",-0.9062,"colombia's defence minister pedro sánchez says he is offering a record reward for information leading to the capture of a rebel leader known as ""marlon"". ""marlon"", whose real name is iván jacob idrobo arredondo, is suspected of having ordered saturday's bomb attack on the pan-american highway, in which 20 people were killed. the attack is one of the deadliest targeting civilians and comes just over a month before presidential elections scheduled for 31 may. sánchez said the 5bn peso ($1.4m; £1m)",business,0.2390426,False
38,https://www.bbc.com/news/articles/c3w3wyq4v14o?at_medium=RSS&at_campaign=rss,"Mon, 27 Apr 2026 16:26:30 GMT",Russian fighters confirm withdrawal from northern Mali city after separatist attacks,"After a weekend of co-ordinated attacks across Mali by separatist fighters and Islamist militants, Russian forces who are in the country helping protect the military government have confirmed they have pulled out of the northern city of Kidal. In a series of social media posts, Russia's Africa Corps said they had ""left the locality"" along with Malian troops. The separatist Azawad Liberation Front (FLA) group said on Sunday the Russian troops had agreed to withdraw permanently, and claimed contro","['FLA', 'Africa Corps', 'Azawad Liberation Front']",0.4215,"after a weekend of co-ordinated attacks across mali by separatist fighters and islamist militants, russian forces who are in the country helping protect the military government have confirmed they have pulled out of the northern city of kidal. in a series of social media posts, russia's africa corps said they had ""left the locality"" along with malian troops. the separatist azawad liberation front (fla) group said on sunday the russian troops had agreed to withdraw permanently, and claimed contro",business,0.14345971,False
39,https://www.bbc.com/news/articles/crl1lpzp4z5o?at_medium=RSS&at_campaign=rss,"Mon, 27 Apr 2026 09:44:09 GMT",Michael Jackson biopic smashes box office record,"The new musical film about Michael Jackson has stormed the worldwide box office, scoring the highest opening weekend ever for a biopic. The singer's nephew Jaafar Jackson portrays him in Michael, which has taken $217m (£160m) globally since it opened on Wednesday. Queen musical Bohemian Rhapsody, which launched with $124m (£91m) in 2018 and starred Rami Malek as Freddie Mercury, previously held the box office record for a musical biopic. But Michael also surpassed the $180m (£133m) taken by 2024",['Freddie Mercury'],0.0644,"the new musical film about michael jackson has stormed the worldwide box office, scoring the highest opening weekend ever for a biopic. the singer's nephew jaafar jackson portrays him in michael, which has taken $217m (£160m) globally since it opened on wednesday. queen musical bohemian rhapsody, which launched with $124m (£91m) in 2018 and starred rami malek as freddie mercury, previously held the box office record for a musical biopic. but michael also surpassed the $180m (£133m) taken by 2024",entertainment,0.118109375,False
40,https://www.bbc.com/news/articles/cr717plvxvgo?at_medium=RSS&at_campaign=rss,"Mon, 27 Apr 2026 09:20:50 GMT",At least 42 killed in Chad after water well dispute escalates,"At least 42 people have been killed and 10 injured in fighting between rival ethnic groups in eastern Chad in a conflict that began as a dispute over a water well, officials say. The conflict in Wadi Fira province, initially between two families, is said to have escalated into a cycle of reprisal attacks that spread over a wide area, with villages burned down. Chadian authorities said on Sunday that a delegation led by deputy Prime Minister Limane Mahamat had been sent to the area and the situat",[],-0.9501,"at least 42 people have been killed and 10 injured in fighting between rival ethnic groups in eastern chad in a conflict that began as a dispute over a water well, officials say. the conflict in wadi fira province, initially between two families, is said to have escalated into a cycle of reprisal attacks that spread over a wide area, with villages burned down. chadian authorities said on sunday that a delegation led by deputy prime minister limane mahamat had been sent to the area and the situat",business,0.2901287,False
41,https://www.bbc.com/news/articles/cql7l707244o?at_medium=RSS&at_campaign=rss,"Mon, 27 Apr 2026 06:52:59 GMT",Kim Jong Un opens memorial for N Korean soldiers killed in Ukraine war,"North Korean leader Kim Jong Un and Russian Defence Minister Andrey Belousov have unveiled a memorial in Pyongyang for North Koreans who have died fighting  in the Ukraine war. Military jets flew overhead and white balloons were released into the air as Kim and Belousov unveiled a statue and opened a memorial museum. It is not known how many North Korean soldiers are fighting against Ukraine, but South Korean intelligence estimates that at least 15,000 have been sent to help Russia recapture par",['Defence'],0.3919,"north korean leader kim jong un and russian defence minister andrey belousov have unveiled a memorial in pyongyang for north koreans who have died fighting  in the ukraine war. military jets flew overhead and white balloons were released into the air as kim and belousov unveiled a statue and opened a memorial museum. it is not known how many north korean soldiers are fighting against ukraine, but south korean intelligence estimates that at least 15,000 have been sent to help russia recapture par",sport,0.15794356,False
42,https://www.bbc.com/news/articles/c3v6v4qd7qqo?at_medium=RSS&at_campaign=rss,"Mon, 27 Apr 2026 16:19:43 GMT",French coastguard rescues more than 100 migrants crossing Channel,"The French coastguard has rescued 106 people travelling in a single boat after it broke down during an attempt to cross the English Channel.  French authorities, who first became aware of the stricken vessel on Saturday, said they were put aboard a rescue ship and taken to Calais in the early hours of Sunday morning. They initially intervened to help seven people who got into difficulty while climbing into the boat in the Wimereux area, including a woman who lost consciousness and had to be evac",[],-0.2263,"the french coastguard has rescued 106 people travelling in a single boat after it broke down during an attempt to cross the english channel.  french authorities, who first became aware of the stricken vessel on saturday, said they were put aboard a rescue ship and taken to calais in the early hours of sunday morning. they initially intervened to help seven people who got into difficulty while climbing into the boat in the wimereux area, including a woman who lost consciousness and had to be evac",entertainment,0.23666242,False
43,https://www.bbc.com/news/articles/cg737x2pe4ko?at_medium=RSS&at_campaign=rss,"Mon, 27 Apr 2026 15:52:09 GMT",Plane crash in South Sudan kills all 15 on board,"A small passenger plane has crashed in South Sudan killing all on board, the country's civil aviation authority (SSCAA) said. Officials have sent a team to the crash site for investigations but initial reports suggested the aircraft may have come down ""due to adverse weather conditions, particularly low visibility"", the SSCAA added in a statement. The plane crashed about 20km (12 miles) south-west of the capital, Juba, on Monday morning. It took off from Yei at 09:15 local time ( 07:15 GMT) and ",[],-0.867,"a small passenger plane has crashed in south sudan killing all on board, the country's civil aviation authority (sscaa) said. officials have sent a team to the crash site for investigations but initial reports suggested the aircraft may have come down ""due to adverse weather conditions, particularly low visibility"", the sscaa added in a statement. the plane crashed about 20km (12 miles) south-west of the capital, juba, on monday morning. it took off from yei at 09:15 local time ( 07:15 gmt) and",business,0.31394646,False
44,https://www.bbc.com/news/articles/cn4v4nzwj94o?at_medium=RSS&at_campaign=rss,"Mon, 27 Apr 2026 12:13:58 GMT",Sri Lankan monks arrested after 110kg of cannabis discovered in their luggage,"Twenty-two monks have been arrested at an airport in Sri Lanka after officials discovered 110kg (242lbs) of cannabis concealed in their luggage. Customs officials said each monk was found with around 5kg of Kush - a particularly potent form of the drug - hidden within ""false walls"" in their luggage when they arrived in the capital Colombo on Saturday. The monks, who were mainly students, were returning from Thailand after being treated to an all-expenses-paid four-day holiday by an unnamed spons",['Customs'],-0.1027,"twenty-two monks have been arrested at an airport in sri lanka after officials discovered 110kg (242lbs) of cannabis concealed in their luggage. customs officials said each monk was found with around 5kg of kush - a particularly potent form of the drug - hidden within ""false walls"" in their luggage when they arrived in the capital colombo on saturday. the monks, who were mainly students, were returning from thailand after being treated to an all-expenses-paid four-day holiday by an unnamed spons",business,0.23548949,False
45,https://www.bbc.com/news/articles/cjw8w849g6go?at_medium=RSS&at_campaign=rss,"Mon, 27 Apr 2026 06:40:22 GMT",French teen who licked vending machine straw faces jail in Singapore,"A French teenager who allegedly licked a straw from an orange juice vending machine and put it back into its dispenser has been charged with committing mischief and being a public nuisance in Singapore. Didier Gaspard Owen Maximilien, 18, had posted on Instagram a video of himself performing the act, according to local reports. The video was later widely circulated.  The company that owns the vending machine, iJooz, says it replaced all 500 straws in the machine's dispenser after the alleged inc",['Instagram'],-0.4588,"a french teenager who allegedly licked a straw from an orange juice vending machine and put it back into its dispenser has been charged with committing mischief and being a public nuisance in singapore. didier gaspard owen maximilien, 18, had posted on instagram a video of himself performing the act, according to local reports. the video was later widely circulated.  the company that owns the vending machine, ijooz, says it replaced all 500 straws in the machine's dispenser after the alleged inc",business,0.19351135,False
46,https://www.bbc.com/news/articles/cn7871n27nlo?at_medium=RSS&at_campaign=rss,"Mon, 27 Apr 2026 06:53:54 GMT",Pirates seize another vessel off Somali coast as threat level increased,"Maritime authorities are warning of an increased threat to ships off the coast of Somalia after a cargo ship became the latest vessel to be seized in a suspected act of piracy. The UK Maritime Trade Operations (UKMTO) raised the threat level in the area to ""substantial"" as it reported ""unauthorised persons"" seized the vessel and re-directed it to Somalia's territorial waters on Sunday. At least four vessels have been targeted in suspected piracy incidents in the last week including a fishing ves",[],-0.872,"maritime authorities are warning of an increased threat to ships off the coast of somalia after a cargo ship became the latest vessel to be seized in a suspected act of piracy. the uk maritime trade operations (ukmto) raised the threat level in the area to ""substantial"" as it reported ""unauthorised persons"" seized the vessel and re-directed it to somalia's territorial waters on sunday. at least four vessels have been targeted in suspected piracy incidents in the last week including a fishing ves",business,0.23173405,False
47,https://www.bbc.com/news/articles/c5yjyzrnl16o?at_medium=RSS&at_campaign=rss,"Mon, 27 Apr 2026 11:19:25 GMT",Archbishop praises Pope's anti-war comments during Vatican visit,"The Archbishop of Canterbury has praised Pope Leo for speaking out against injustice after the pair's historic meeting at the Vatican.  Dame Sarah Mullally, the first woman to lead the Church of England, met Pope Leo at the Apostolic Palace on Monday, and told the pontiff he would receive a ""warm welcome"" if he were to visit the UK.  In an address following a private discussion between the two religious leaders, she said they were united in prayer for justice and for ""peace in our world"". It fol",['the Church of England'],0.9201,"the archbishop of canterbury has praised pope leo for speaking out against injustice after the pair's historic meeting at the vatican.  dame sarah mullally, the first woman to lead the church of england, met pope leo at the apostolic palace on monday, and told the pontiff he would receive a ""warm welcome"" if he were to visit the uk.  in an address following a private discussion between the two religious leaders, she said they were united in prayer for justice and for ""peace in our world"". it fol",sport,0.17476803,False
48,https://www.bbc.com/news/articles/cgrlr18e29ro?at_medium=RSS&at_campaign=rss,"Mon, 27 Apr 2026 02:06:04 GMT","Missing 5-year-old girl likely abducted from Outback home, police say","Australian police believe a five-year-old girl missing in the Outback was abducted, and are searching for a man recently released from prison over her disappearance. The girl, identified as Sharon by authorities, was last seen on Saturday when she was put to bed in her family home at an Aboriginal town camp in Alice Springs just before midnight. Northern Territory Police Acting Commander Mark Grieve on Monday told media investigators want to speak with 47-year-old Jefferson Lewis, who was stayin","['Northern Territory Police', 'Aboriginal']",-0.8779,"australian police believe a five-year-old girl missing in the outback was abducted, and are searching for a man recently released from prison over her disappearance. the girl, identified as sharon by authorities, was last seen on saturday when she was put to bed in her family home at an aboriginal town camp in alice springs just before midnight. northern territory police acting commander mark grieve on monday told media investigators want to speak with 47-year-old jefferson lewis, who was stayin",sport,0.11830381,False
49,https://www.bbc.com/news/articles/c1d9wvd2e4ro?at_medium=RSS&at_campaign=rss,"Mon, 27 Apr 2026 10:04:34 GMT","Ukraine's drone commander has Russian oil, troops and morale in his sights","""We're like a red rag to the enemy. Because we're taking the war to their territory so that they feel it too,"" the Ukrainian soldier says, as his unit scramble to assemble long-range drones for launch at Russia. Ukraine has been intensifying its deep strikes like this for several weeks, targeting oil export facilities, in particular, like never before. Now, in a rare interview, the commander of all Ukraine's unmanned systems has told the BBC such attacks will escalate and claimed his drone force",['BBC'],-0.743,"""we're like a red rag to the enemy. because we're taking the war to their territory so that they feel it too,"" the ukrainian soldier says, as his unit scramble to assemble long-range drones for launch at russia. ukraine has been intensifying its deep strikes like this for several weeks, targeting oil export facilities, in particular, like never before. now, in a rare interview, the commander of all ukraine's unmanned systems has told the bbc such attacks will escalate and claimed his drone force",sport,0.31745642,False
50,https://www.bbc.com/sport/athletics/articles/cp383n09030o?at_medium=RSS&at_campaign=rss,"Mon, 27 Apr 2026 11:49:24 GMT",How special Sawe broke iconic sub-two-hour barrier,"This video can not be played 'Absolutely incredible!' - Sawe breaks sub 2-hour marathon world record in London Sabastian Sawe has always had a propensity to surprise. Having never competed on the road, the Kenyan began the 2022 Seville half marathon as a pacemaker, proceeded to drop everybody within the first 10km, and carried on to claim victory in a course record time. Running the second-fastest marathon debut in history in Valencia in 2024, Sawe again hinted at his potential. That time of two",[],-0.3244,"this video can not be played 'absolutely incredible!' - sawe breaks sub 2-hour marathon world record in london sabastian sawe has always had a propensity to surprise. having never competed on the road, the kenyan began the 2022 seville half marathon as a pacemaker, proceeded to drop everybody within the first 10km, and carried on to claim victory in a course record time. running the second-fastest marathon debut in history in valencia in 2024, sawe again hinted at his potential. that time of two",sport,0.13779259,False
51,https://www.bbc.com/news/articles/c98m800r28qo?at_medium=RSS&at_campaign=rss,"Mon, 27 Apr 2026 18:13:26 GMT",Canada's Carney launches a sovereign wealth fund. What is it?,"Canada is launching a government-owned investment fund to pay for major development projects in the country, Prime Minister Mark Carney has announced.  The Canada Strong Fund, a first for the country, will invest in energy, infrastructure, mining, agriculture and technology, with an  initial contribution of C$25bn ($18.4bn; £13.5bn). The fund will also allow Canadians who have ""a bit of extra money"" to invest into it directly, but experts have warned it risks ""limited returns"". The move is part ",['The Canada Strong Fund'],-0.5719,"canada is launching a government-owned investment fund to pay for major development projects in the country, prime minister mark carney has announced.  the canada strong fund, a first for the country, will invest in energy, infrastructure, mining, agriculture and technology, with an  initial contribution of c$25bn ($18.4bn; £13.5bn). the fund will also allow canadians who have ""a bit of extra money"" to invest into it directly, but experts have warned it risks ""limited returns"". the move is part",business,0.1475765,False
52,https://www.bbc.com/news/articles/cr717nglye0o?at_medium=RSS&at_campaign=rss,"Tue, 28 Apr 2026 00:58:36 GMT",What we're learning about suspected Washington press dinner gunman,"A picture is emerging of the suspect in a shooting incident at the hotel where the White House Correspondents' Association dinner was being held on Saturday night. Cole Tomas Allen, 31, appeared in court on Monday charged with attempting to assassinate US President Donald Trump and two firearms offences.  Jeanine Pirro, US attorney for Washington, told a news conference that additional charges could be filed. The suspect, who described himself as a mechanical engineer, game developer and teacher","['Jeanine Pirro', ""the White House Correspondents' Association""]",-0.8271,"a picture is emerging of the suspect in a shooting incident at the hotel where the white house correspondents' association dinner was being held on saturday night. cole tomas allen, 31, appeared in court on monday charged with attempting to assassinate us president donald trump and two firearms offences.  jeanine pirro, us attorney for washington, told a news conference that additional charges could be filed. the suspect, who described himself as a mechanical engineer, game developer and teacher",entertainment,0.14104569,False
53,https://www.bbc.com/news/articles/c87r2d850q4o?at_medium=RSS&at_campaign=rss,"Mon, 27 Apr 2026 07:09:42 GMT",The Chinese sports brand taking on Nike and Adidas,"China's economy was just starting to open up in the late 1980s when a determined high school dropout made his way to Beijing with 600 pairs of shoes.  Ding Shizhong had them made in a relative's factory and now he was going to sell them. The money he earned paid for his first workshop where he began making footwear for other companies. The 17-year-old was one of China's many newly minted entrepreneurs as capitalism took off under the watchful eye of its Communist Party rulers. But, as it turns o",['Communist Party'],0.3716,"china's economy was just starting to open up in the late 1980s when a determined high school dropout made his way to beijing with 600 pairs of shoes.  ding shizhong had them made in a relative's factory and now he was going to sell them. the money he earned paid for his first workshop where he began making footwear for other companies. the 17-year-old was one of china's many newly minted entrepreneurs as capitalism took off under the watchful eye of its communist party rulers. but, as it turns o",sport,0.12719883,False
54,https://www.bbc.com/news/articles/crk1k8n1j4do?at_medium=RSS&at_campaign=rss,"Mon, 27 Apr 2026 08:30:23 GMT",Remembering Raghu Rai: The photographer who showed India to itself,"Rich tributes continue to pour in for Raghu Rai, India's most celebrated photojournalist, following his death at the age of 83. Rai spent more than five decades documenting the country, capturing moments from political power to everyday life with striking clarity. From the aftermath of the gas tragedy in central India's Bhopal to the years of militancy in northern India's Punjab, which killed thousands in the 1980s, Rai's images shaped how India saw its most defining events.  His work did not me",[],-0.5434,"rich tributes continue to pour in for raghu rai, india's most celebrated photojournalist, following his death at the age of 83. rai spent more than five decades documenting the country, capturing moments from political power to everyday life with striking clarity. from the aftermath of the gas tragedy in central india's bhopal to the years of militancy in northern india's punjab, which killed thousands in the 1980s, rai's images shaped how india saw its most defining events.  his work did not me",business,0.27240914,False
55,https://www.bbc.com/news/articles/czjwj8wgymro?at_medium=RSS&at_campaign=rss,"Mon, 27 Apr 2026 21:43:16 GMT",Performer describes locking eyes with Trump as they ducked for cover during shooting,"A shocked performer has described locking eyes with President Donald Trump as they ducked for cover after shots were fired during the White House Correspondents' dinner on Saturday night. Oz Pearlman - a self-described ""mentalist"" performing mind tricks - told the BBC he was talking to Trump, First Lady Melania Trump and White House press secretary Karoline Leavitt when the attack happened. ""I went down very quickly. And then the Secret Service brought President Trump down: I would say very effe","['BBC', 'Trump', 'White House', 'the Secret Service']",-0.8591,"a shocked performer has described locking eyes with president donald trump as they ducked for cover after shots were fired during the white house correspondents' dinner on saturday night. oz pearlman - a self-described ""mentalist"" performing mind tricks - told the bbc he was talking to trump, first lady melania trump and white house press secretary karoline leavitt when the attack happened. ""i went down very quickly. and then the secret service brought president trump down: i would say very effe",sport,0.27186087,False
56,https://www.bbc.com/news/videos/cj6p277r3k4o?at_medium=RSS&at_campaign=rss,"Tue, 28 Apr 2026 05:48:17 GMT",Inside Trump press dinner shooting suspect's court appearance,"Cole Tomas Allen is accused of storming the White House Correspondents' Dinner armed with a shotgun, a handgun and three knives on Saturday He has now been charged with attempting to assassinate President Donald Trump and two firearms offences.  BBC News correspondent Shaimaa Khalil reports on what happened inside the courtroom. Musk, who co-founded the company that created ChatGPT with Altman, wants more than $130bn in damages. A signed summary of BBC Newsline. Watch the latest news summary fro","['BBC News', ""the White House Correspondents' Dinner"", 'BBC Newsline']",-0.743,"cole tomas allen is accused of storming the white house correspondents' dinner armed with a shotgun, a handgun and three knives on saturday he has now been charged with attempting to assassinate president donald trump and two firearms offences.  bbc news correspondent shaimaa khalil reports on what happened inside the courtroom. musk, who co-founded the company that created chatgpt with altman, wants more than $130bn in damages. a signed summary of bbc newsline. watch the latest news summary fro",business,0.21790996,False
57,https://www.bbc.com/news/videos/cx2e2lg2ny9o?at_medium=RSS&at_campaign=rss,"Sun, 26 Apr 2026 19:16:58 GMT",Did Trump save eight Iranian women from execution?,US President Donald Trump claimed that his intervention helped save eight women arrested in Iran from the death penalty.  Iran responded by saying that none of the women Trump mentioned were ever facing execution and accused the president of fake reports.  The BBC's Chief International Correspondent Lyse Doucet explains what we know about the women and the argument surrounding their fate.  Lyse Doucet is reporting from Tehran on condition that none of her material is used on the BBC's Persian Se,"['BBC', 'Trump']",-0.9274,us president donald trump claimed that his intervention helped save eight women arrested in iran from the death penalty.  iran responded by saying that none of the women trump mentioned were ever facing execution and accused the president of fake reports.  the bbc's chief international correspondent lyse doucet explains what we know about the women and the argument surrounding their fate.  lyse doucet is reporting from tehran on condition that none of her material is used on the bbc's persian se,sport,0.23751181,False
58,https://www.bbc.com/news/videos/cj0v0484dmmo?at_medium=RSS&at_campaign=rss,"Sun, 26 Apr 2026 04:27:08 GMT",Video shows correspondents' dinner suspect charge checkpoint,"US police say the suspected gunman at the White House correspondents' dinner had multiple weapons on him when he charged a security checkpoint. Surveillance video released by Donald Trump shows the suspect running past metal detectors as security agents draw their guns. Washington DC police chief Jeffery W Carroll said officers exchanged gunfire with the suspect and one US secret service officer was ""struck in his vest"". He was taken to hospital and is said to be ""in good spirits"". The suspect, ",['the White House'],-0.6705,"us police say the suspected gunman at the white house correspondents' dinner had multiple weapons on him when he charged a security checkpoint. surveillance video released by donald trump shows the suspect running past metal detectors as security agents draw their guns. washington dc police chief jeffery w carroll said officers exchanged gunfire with the suspect and one us secret service officer was ""struck in his vest"". he was taken to hospital and is said to be ""in good spirits"". the suspect,",sport,0.21165994,False
59,https://www.bbc.com/news/videos/czjwrdgp98wo?at_medium=RSS&at_campaign=rss,"Sat, 25 Apr 2026 23:01:11 GMT",BBC visits Chernobyl ghost city 40 years after world's worst nuclear accident,"On Sunday, Ukraine marks the 40th anniversary of the Chernobyl nuclear accident. Reactor number 4 at the plant exploded on 26 April 1986, spewing out radioactive material that would spread across swathes of Europe.  The official death toll from the incident in Chornobyl - as it is known in Ukrainian - is 31, but the wider impact of the accident remains contested and difficult to determine.  In 2005, a study by several UN agencies concluded 4,000 people could die as a result of the accident. Othe",['UN'],-0.9692,"on sunday, ukraine marks the 40th anniversary of the chernobyl nuclear accident. reactor number 4 at the plant exploded on 26 april 1986, spewing out radioactive material that would spread across swathes of europe.  the official death toll from the incident in chornobyl - as it is known in ukrainian - is 31, but the wider impact of the accident remains contested and difficult to determine.  in 2005, a study by several un agencies concluded 4,000 people could die as a result of the accident. othe",business,0.35920614,False
60,https://www.bbc.com/news/videos/ckgerdnvm2xo?at_medium=RSS&at_campaign=rss,"Sat, 25 Apr 2026 18:23:45 GMT",Watch: How one orangutan braved new bridge to unite his split community,"When a road was built through the forest where the orangutans lived in Indonesia's Sumatra, it split the Sumatran orangutan community in two and led to fears that inbreeding could cause health implications and eventual extinction. Conservation groups the Sumatran Orangutan Society (SOS) and Tangguh Hutan Khatulistiwa, with the help of the government, built a canopy bridge in the hope the orangutan communities would use it to pass between the two forest sides. However, the bridge remained unused ","['the Sumatran Orangutan Society', 'Sumatran', 'Tangguh Hutan Khatulistiwa', 'SOS']",0.4215,"when a road was built through the forest where the orangutans lived in indonesia's sumatra, it split the sumatran orangutan community in two and led to fears that inbreeding could cause health implications and eventual extinction. conservation groups the sumatran orangutan society (sos) and tangguh hutan khatulistiwa, with the help of the government, built a canopy bridge in the hope the orangutan communities would use it to pass between the two forest sides. however, the bridge remained unused",business,0.37204915,False
61,https://www.bbc.com/news/articles/cgj0jx4pqzvo?at_medium=RSS&at_campaign=rss,"Mon, 27 Apr 2026 23:05:24 GMT",Babies among those tied up and allegedly abused in Indonesia childcare centre,"Warning: this piece contains descriptions of alleged child abuse. For years, Noorman had entrusted his two young children to Little Aresha, a daycare centre near his home in the Indonesian city of Yogyakarta which advertises its well-equipped facilities and variety of play activities. So it came as a shock last Friday when the civil servant got a frantic phone call from a friend. Police were raiding the daycare centre, his friend said, go pick up your children right now. ""We were then shown a vi",[],-0.3612,"warning: this piece contains descriptions of alleged child abuse. for years, noorman had entrusted his two young children to little aresha, a daycare centre near his home in the indonesian city of yogyakarta which advertises its well-equipped facilities and variety of play activities. so it came as a shock last friday when the civil servant got a frantic phone call from a friend. police were raiding the daycare centre, his friend said, go pick up your children right now. ""we were then shown a vi",sport,0.20817484,False
62,https://www.bbc.com/news/articles/cvg3znp8g5do?at_medium=RSS&at_campaign=rss,"Sun, 26 Apr 2026 23:00:03 GMT",Indian Dalit man's alleged custodial death and a family's wait for justice,"On 8 March, a 26-year-old man died in a hospital in southern India's Tamil Nadu state, allegedly due to injuries he sustained in police custody.  Almost two months later, his body is still in a hospital morgue. His parents say that they will collect it and conduct his last rites only after the policemen responsible for their son's death are arrested.  They allege that Akash Delison was brutally tortured by the police after he and his friend, Gopi, were arrested in a criminal case.  Akash died tw",[],-0.9744,"on 8 march, a 26-year-old man died in a hospital in southern india's tamil nadu state, allegedly due to injuries he sustained in police custody.  almost two months later, his body is still in a hospital morgue. his parents say that they will collect it and conduct his last rites only after the policemen responsible for their son's death are arrested.  they allege that akash delison was brutally tortured by the police after he and his friend, gopi, were arrested in a criminal case.  akash died tw",sport,0.17502193,False
63,https://www.bbc.com/news/articles/c8x7kw9lp8do?at_medium=RSS&at_campaign=rss,"Sat, 25 Apr 2026 23:01:46 GMT",A 17th Century 'supercomputer' once owned by Indian royalty heads for auction,"A spectacular brass astrolabe - or a hand-held astronomical computer - from the 17th Century, once part of the royal collection of Jaipur city in western India, will go under the hammer at Sotheby's in London on 29 April. The object is ""perhaps the largest in existence"" and has never been exhibited before,   Benedict Carter, head of the department of Islamic and Indian Art at Sotheby's, told the BBC.  Known to be part of the royal collection of Maharaja Sawai Man Singh II of Jaipur, it was passe","['BBC', 'Maharaja Sawai', ""Sotheby's""]",0.0,"a spectacular brass astrolabe - or a hand-held astronomical computer - from the 17th century, once part of the royal collection of jaipur city in western india, will go under the hammer at sotheby's in london on 29 april. the object is ""perhaps the largest in existence"" and has never been exhibited before,   benedict carter, head of the department of islamic and indian art at sotheby's, told the bbc.  known to be part of the royal collection of maharaja sawai man singh ii of jaipur, it was passe",entertainment,0.12783372,False
64,https://www.bbc.com/news/articles/czjwr93vrrzo?at_medium=RSS&at_campaign=rss,"Fri, 24 Apr 2026 23:28:09 GMT",Thousands at risk after multi-million dollar Everest flood warning system left to rust,"An early flood warning system designed to save the lives of thousands of people in the Everest region may no longer be working, Nepalese officials have admitted to the BBC, after it was allowed to fall into a state of disrepair. The disclosure came after villagers in the local Sherpa communities told the BBC no inspection of the UN-supported project had been carried out for many years after the dangerous Imja glacial lake was last drained in 2016. Since then, no maintenance has been undertaken, ","['BBC', 'UN']",-0.8402,"an early flood warning system designed to save the lives of thousands of people in the everest region may no longer be working, nepalese officials have admitted to the bbc, after it was allowed to fall into a state of disrepair. the disclosure came after villagers in the local sherpa communities told the bbc no inspection of the un-supported project had been carried out for many years after the dangerous imja glacial lake was last drained in 2016. since then, no maintenance has been undertaken,",business,0.41483495,True
65,https://www.bbc.com/news/articles/cy01ele412yo?at_medium=RSS&at_campaign=rss,"Fri, 24 Apr 2026 21:25:16 GMT",China car giant BYD says it can thrive without US,"The recent surge in fuel prices due to the war in Iran has spurred demand for electric vehicles around the world, and Chinese car makers are making the most of the opportunity. China is the world's top producer of EVs, and while its manufacturers remain largely shut out of the major car market of the United States, they are benefiting from an uptick in interest and orders via dealerships across Asia and elsewhere. BYD, which overtook Tesla as the world's largest seller of electric vehicles last ","['BYD', 'Tesla']",0.6444,"the recent surge in fuel prices due to the war in iran has spurred demand for electric vehicles around the world, and chinese car makers are making the most of the opportunity. china is the world's top producer of evs, and while its manufacturers remain largely shut out of the major car market of the united states, they are benefiting from an uptick in interest and orders via dealerships across asia and elsewhere. byd, which overtook tesla as the world's largest seller of electric vehicles last",business,0.23389214,False
66,https://www.bbc.com/news/articles/cq57vxjvdy4o?at_medium=RSS&at_campaign=rss,"Sun, 26 Apr 2026 23:16:41 GMT",How climate change threatens the economic backbone of the Pacific,"The vast Pacific Ocean and the islands dotted within it produce more than half of the world's tuna. Among the islands are 33 scattered across the centre that encompass the country of Kiribati. Here more than 70% of government revenues come from selling tuna fishing licenses to foreign fleets - the highest proportion of any nation. Kiribati has a tiny land mass. When all the islands are combined it is about the size of New York City. However, it has a huge swathe of territorial waters, otherwise ",[],0.3182,"the vast pacific ocean and the islands dotted within it produce more than half of the world's tuna. among the islands are 33 scattered across the centre that encompass the country of kiribati. here more than 70% of government revenues come from selling tuna fishing licenses to foreign fleets - the highest proportion of any nation. kiribati has a tiny land mass. when all the islands are combined it is about the size of new york city. however, it has a huge swathe of territorial waters, otherwise",business,0.25016826,False
67,https://www.bbc.com/news/articles/c4gx4xj1e74o?at_medium=RSS&at_campaign=rss,"Sat, 25 Apr 2026 23:08:56 GMT",'We don't come to play': Is Gawdland's RuPaul win Asia's big drag moment?,"Days before Gawdland was crowned the first South East Asian winner of RuPaul's Drag Race UK vs the World, she had posted a video of three Filipino boys dancing to her song Firecracker. ""Yaas, nakshie!"" Gawdland cheers in the clip, using the Filipino gay slang word for daughter, as the boys - who were selling jasmine flower garlands -  attempted jump-splits and somersaults outside a Manila nightclub. Gawdland, who is from Thailand, hopes that she will be the first of many from the region to conqu",[],0.8439,"days before gawdland was crowned the first south east asian winner of rupaul's drag race uk vs the world, she had posted a video of three filipino boys dancing to her song firecracker. ""yaas, nakshie!"" gawdland cheers in the clip, using the filipino gay slang word for daughter, as the boys - who were selling jasmine flower garlands -  attempted jump-splits and somersaults outside a manila nightclub. gawdland, who is from thailand, hopes that she will be the first of many from the region to conqu",entertainment,0.14701016,False
68,https://www.bbc.com/news/videos/ceqw389d5yvo?at_medium=RSS&at_campaign=rss,"Fri, 24 Apr 2026 18:05:14 GMT",Why is this game only legal across Australia one day a year?,"Two-up is a coin toss betting game, with two people betting against each other on whether they will land on heads or tails. Classified as unregulated gambling, the game is illegal in most parts of Australia. But on 25 April people rush to the pub to play, when it’s permitted across the country for a few hours. The BBC’s Harry Sekulich explains why the exception is made, and what people for and against it have to say.  Video by Kellie Highet The mother of 10-year-old Matilda, the youngest victim ","['BBC', 'Matilda']",-0.2144,"two-up is a coin toss betting game, with two people betting against each other on whether they will land on heads or tails. classified as unregulated gambling, the game is illegal in most parts of australia. but on 25 april people rush to the pub to play, when it’s permitted across the country for a few hours. the bbc’s harry sekulich explains why the exception is made, and what people for and against it have to say.  video by kellie highet the mother of 10-year-old matilda, the youngest victim",sport,0.18650529,False
69,https://www.bbc.com/news/articles/c2evelkm2g1o?at_medium=RSS&at_campaign=rss,"Mon, 27 Apr 2026 15:18:43 GMT",Lamine Yamal and Chris Martin help Polish influencer raise more than £50m for cancer patients,"A Polish influencer's non-stop nine-day livestream has raised more than 250 million zlotys (£50m) for a children's cancer charity. YouTube star Piotr Hancke, known online to his millions of followers as Latwogang, raised the cash by broadcasting from a flat in Warsaw. The livestream, which ended on Sunday, was supported by stars including Coldplay frontman Chris Martin and former Arsenal goalkeeper Wojciech Szczęsny. Spanish footballing sensation Lamine Yamal appeared in Szczęsny's video to supp",['Arsenal'],-0.1027,"a polish influencer's non-stop nine-day livestream has raised more than 250 million zlotys (£50m) for a children's cancer charity. youtube star piotr hancke, known online to his millions of followers as latwogang, raised the cash by broadcasting from a flat in warsaw. the livestream, which ended on sunday, was supported by stars including coldplay frontman chris martin and former arsenal goalkeeper wojciech szczęsny. spanish footballing sensation lamine yamal appeared in szczęsny's video to supp",entertainment,0.11498914,False
70,https://www.bbc.com/news/articles/cd9v1wll8qqo?at_medium=RSS&at_campaign=rss,"Sat, 25 Apr 2026 19:22:31 GMT",Orbán steps down from Hungarian parliament after landslide defeat,"Hungary's outgoing Prime Minister Viktor Orbán has said he will not take up his seat in parliament after his party was defeated in a landslide that ended his 16-year rule. ""I am now needed not in parliament, but in the reorganisation of the patriotic movement,"" he said in a video statement released on social media on Saturday evening. Despite his nationalist party Fidesz going from 135 seats to 52 in the 12 April vote, Orbán was re-elected as an MP on its proportional representation list. Tisza,",[],0.6059,"hungary's outgoing prime minister viktor orbán has said he will not take up his seat in parliament after his party was defeated in a landslide that ended his 16-year rule. ""i am now needed not in parliament, but in the reorganisation of the patriotic movement,"" he said in a video statement released on social media on saturday evening. despite his nationalist party fidesz going from 135 seats to 52 in the 12 april vote, orbán was re-elected as an mp on its proportional representation list. tisza,",politics,0.09816854,False
71,https://www.bbc.com/news/articles/c0rxk4q0pj0o?at_medium=RSS&at_campaign=rss,"Sat, 25 Apr 2026 12:29:37 GMT",Seven dead in major Russian attack on Ukraine,"At least seven people were killed in Russian strikes across Ukraine overnight, including five in the central city of Dnipro, where officials said an apartment building was hit. Ukrainian President Volodymyr Zelensky said the latest attack lasted ""practically all night"", while rescue workers were still searching for survivors under rubble in Dnipro on Saturday morning. British jets were scrambled from Romania during the heavy attack when Russian drones were detected near the border, though the UK",[],-0.872,"at least seven people were killed in russian strikes across ukraine overnight, including five in the central city of dnipro, where officials said an apartment building was hit. ukrainian president volodymyr zelensky said the latest attack lasted ""practically all night"", while rescue workers were still searching for survivors under rubble in dnipro on saturday morning. british jets were scrambled from romania during the heavy attack when russian drones were detected near the border, though the uk",business,0.18420409,False
72,https://www.bbc.com/news/articles/cz78x703lrvo?at_medium=RSS&at_campaign=rss,"Fri, 24 Apr 2026 16:04:29 GMT",Nato says 'no provision' to expel members after report US could seek to suspend Spain,"Nato says there is no provision for member states to be suspended or expelled from the military alliance after a report said the US could seek to suspend Spain over its Iran war stance. Reuters quoted a US official who said an internal Pentagon email had suggested measures for the US to punish allies it believed had failed to support its campaign.  The email also suggested reviewing the US position on the UK's claim to the Falklands islands in the south Atlantic, which are also claimed by Argent","['Nato', 'Argent', 'Pentagon', 'Reuters']",-0.9477,"nato says there is no provision for member states to be suspended or expelled from the military alliance after a report said the us could seek to suspend spain over its iran war stance. reuters quoted a us official who said an internal pentagon email had suggested measures for the us to punish allies it believed had failed to support its campaign.  the email also suggested reviewing the us position on the uk's claim to the falklands islands in the south atlantic, which are also claimed by argent",business,0.105993256,False
73,https://www.bbc.com/news/articles/c77m242z2j8o?at_medium=RSS&at_campaign=rss,"Fri, 24 Apr 2026 16:18:19 GMT",Mandelson under formal investigation by EU's anti-fraud office,"The EU's anti-fraud office has begun a formal investigation into Lord Peter Mandelson, who was sacked as UK ambassador to the US over his ties to late sex offender Jeffrey Epstein. Lord Mandelson served as European trade commissioner from 2004 to 2008. The European Commission asked the European Anti-Fraud Office (Olaf) two months ago to look into allegations of misconduct during that four-year period. Olaf confirmed on Friday that it had recently had ""sufficient information"" to launch  an invest","['The European Commission', 'EU', 'Anti-Fraud Office', 'Olaf']",-0.3612,"the eu's anti-fraud office has begun a formal investigation into lord peter mandelson, who was sacked as uk ambassador to the us over his ties to late sex offender jeffrey epstein. lord mandelson served as european trade commissioner from 2004 to 2008. the european commission asked the european anti-fraud office (olaf) two months ago to look into allegations of misconduct during that four-year period. olaf confirmed on friday that it had recently had ""sufficient information"" to launch  an invest",business,0.12078968,False
74,https://www.bbc.com/news/articles/cj40r2gw24wo?at_medium=RSS&at_campaign=rss,"Sat, 25 Apr 2026 00:10:51 GMT",Katya Adler: Europe's Nato allies push back at reported US threat to Spain,"It's become a joke - through gritted teeth - these days in EU circles, that whenever leaders meet, as they did these last two days in Cyprus - expecting to discuss practicalities, such as the new EU budget - they get railroaded by yet another crisis. There is the ongoing energy crisis provoked by the US-Israel war on Iran, Russia's aggression in neighbouring Ukraine, now in its fifth year. And this Friday morning, souring relations between Europe and the United States, along with a potentially d",['EU'],-0.8834,"it's become a joke - through gritted teeth - these days in eu circles, that whenever leaders meet, as they did these last two days in cyprus - expecting to discuss practicalities, such as the new eu budget - they get railroaded by yet another crisis. there is the ongoing energy crisis provoked by the us-israel war on iran, russia's aggression in neighbouring ukraine, now in its fifth year. and this friday morning, souring relations between europe and the united states, along with a potentially d",business,0.28305203,False
75,https://www.bbc.com/news/articles/cn783emlgdno?at_medium=RSS&at_campaign=rss,"Sat, 25 Apr 2026 04:58:30 GMT",'Animals are traumatised too': Pet rescuers under fire in Ukraine,"On a morning in February, animal shelter staff were getting changed for their shift when a Russian drone slammed into the centre of their compound in the frontline Ukrainian city of Zaporizhzhia. The steel door at the entrance probably saved their lives. More than a dozen animals sheltering at ""Give a Paw, Friend"" were not so lucky. ""It was terrifying, to put it mildly,"" says the group's head Iryna Didur. Residents rushed to help clean up the rubble and catch the animals that had escaped in terr",[],0.5809,"on a morning in february, animal shelter staff were getting changed for their shift when a russian drone slammed into the centre of their compound in the frontline ukrainian city of zaporizhzhia. the steel door at the entrance probably saved their lives. more than a dozen animals sheltering at ""give a paw, friend"" were not so lucky. ""it was terrifying, to put it mildly,"" says the group's head iryna didur. residents rushed to help clean up the rubble and catch the animals that had escaped in terr",business,0.2953872,False
76,https://www.bbc.com/news/articles/cr510de17jlo?at_medium=RSS&at_campaign=rss,"Fri, 24 Apr 2026 05:00:29 GMT",Steve Rosenberg: Kremlin's tightening grip on internet fuels Russian discontent,"Near the Kremlin several dozen people are queuing outside the presidential administration office. They've come to submit petitions calling on President Vladimir Putin to end a crackdown on the internet. Russian authorities have been tightening control of the country's cyber space. Access to global messaging apps has been restricted and there are widespread disruptions to, even shutdowns of, mobile internet. Petitioning the president is legal. But in an authoritarian state this is putting your he",['Kremlin'],-0.3071,"near the kremlin several dozen people are queuing outside the presidential administration office. they've come to submit petitions calling on president vladimir putin to end a crackdown on the internet. russian authorities have been tightening control of the country's cyber space. access to global messaging apps has been restricted and there are widespread disruptions to, even shutdowns of, mobile internet. petitioning the president is legal. but in an authoritarian state this is putting your he",business,0.15147439,False
77,https://www.bbc.com/news/articles/cx23zmxd2z3o?at_medium=RSS&at_campaign=rss,"Fri, 24 Apr 2026 00:34:04 GMT",Headscarf with a beret: Muslim designers showcase floral dresses and boxy streetwear in Paris,"Paris has held its first ever Modest Fashion Week - hosting nearly 30 designers whose collections include loose, long-cut garments and headscarves. It's the kind of clothing many Muslim women choose to wear in line with their religious principles - covering their arms, legs and sometimes hair. There was a particular significance to setting it in France, where hijabs and other religious clothing have frequently made headlines and are restricted in certain settings. Rukaiya Kamba, the creative dir","['Modest Fashion', 'Rukaiya Kamba']",0.296,"paris has held its first ever modest fashion week - hosting nearly 30 designers whose collections include loose, long-cut garments and headscarves. it's the kind of clothing many muslim women choose to wear in line with their religious principles - covering their arms, legs and sometimes hair. there was a particular significance to setting it in france, where hijabs and other religious clothing have frequently made headlines and are restricted in certain settings. rukaiya kamba, the creative dir",business,0.17803389,False
78,https://www.bbc.com/news/articles/c0q92lx8q75o?at_medium=RSS&at_campaign=rss,"Sat, 18 Apr 2026 23:05:30 GMT",Chernobyl's last wedding: The couple who married as a nuclear disaster unfolded,"It was just after midnight. Iryna Stetsenko had finished doing her nails for her wedding, opened the balcony door and was battling her nerves to get to sleep. In a nearby apartment packed with guests, her fiancé Serhiy Lobanov was asleep on a mattress in the kitchen. Then a ""rumble"" disturbed the quiet, says Iryna. ""It was as if a lot of planes were flying overhead, everything was humming and the glass in the windows shook."" Serhiy says he ""felt a shake, as if some kind of wave passed"", wondered",[],-0.7003,"it was just after midnight. iryna stetsenko had finished doing her nails for her wedding, opened the balcony door and was battling her nerves to get to sleep. in a nearby apartment packed with guests, her fiancé serhiy lobanov was asleep on a mattress in the kitchen. then a ""rumble"" disturbed the quiet, says iryna. ""it was as if a lot of planes were flying overhead, everything was humming and the glass in the windows shook."" serhiy says he ""felt a shake, as if some kind of wave passed"", wondered",sport,0.19615759,False
79,https://www.bbc.com/news/articles/c747r0l8n7do?at_medium=RSS&at_campaign=rss,"Sat, 18 Apr 2026 23:08:45 GMT","'Croatia, but cheaper': The quirky holiday spots on trend for 2026","Many can relate to the buzz of stumbling upon a hidden gem. This year, more people are seeking out ""authentic"" holiday experiences abroad rather than all-inclusive tourist traps, according to ABTA, the association for British travel agents. ABTA also says two in five Britons are planning to holiday in a country they've never been to this year. It comes as war in the Middle East is causing some to switch to European destinations, while warnings of potential jet fuel shortages and the high cost of",['ABTA'],-0.3182,"many can relate to the buzz of stumbling upon a hidden gem. this year, more people are seeking out ""authentic"" holiday experiences abroad rather than all-inclusive tourist traps, according to abta, the association for british travel agents. abta also says two in five britons are planning to holiday in a country they've never been to this year. it comes as war in the middle east is causing some to switch to european destinations, while warnings of potential jet fuel shortages and the high cost of",business,0.26341745,False
80,https://www.bbc.com/news/videos/c0mjd1z08ero?at_medium=RSS&at_campaign=rss,"Fri, 24 Apr 2026 18:48:31 GMT","Watch: 20,000 teddy bears highlight plight of missing Ukrainian children","An installation of 20,000 teddy bears has been placed on the National Mall in Washington DC to draw attention to Ukrainian children believed to have been taken by Russia. The US-based Razom for Ukraine organisation and American Coalition for Ukraine installed the display to represent the estimated 20,000 children that Ukraine says have been sent illegally to Russia and Belarus since the war began five years ago. Organisers want Congress to help address what the UN has called a crime against huma","['the National Mall', 'UN', 'American Coalition for Ukraine', 'Congress']",-0.6597,"an installation of 20,000 teddy bears has been placed on the national mall in washington dc to draw attention to ukrainian children believed to have been taken by russia. the us-based razom for ukraine organisation and american coalition for ukraine installed the display to represent the estimated 20,000 children that ukraine says have been sent illegally to russia and belarus since the war began five years ago. organisers want congress to help address what the un has called a crime against huma",business,0.15213269,False
81,https://www.bbc.com/news/videos/c4g81pke0nwo?at_medium=RSS&at_campaign=rss,"Thu, 23 Apr 2026 18:01:53 GMT",Could Italy replace Iran at the 2026 World Cup?,More on this story. Copyright 2026 BBC. All rights reserved. The BBC is not responsible for the content of external sites. Read about our approach to external linking.  ,['BBC'],-0.2411,more on this story. copyright 2026 bbc. all rights reserved. the bbc is not responsible for the content of external sites. read about our approach to external linking.,entertainment,0.17368384,False
82,https://www.bbc.com/news/videos/cp864m61d0mo?at_medium=RSS&at_campaign=rss,"Tue, 21 Apr 2026 15:53:40 GMT",Robot chases wild boars off the streets of Warsaw,"The Polish capital Warsaw has seen the number of wild boar on its streets soar to more than 3,000 - with reports from the public rising 20-fold since 2020 - so it's now planning a task force to tackle the issue. A viral clip of a humanoid robot chasing wild boar in a Warsaw street has amassed more than 14 million views on Instagram - and another clip shows wild boar stealing sandwiches from the panniers of a bicycle. A study showed there had been 121 attacks on people in 2025 and 341 were killed",['Instagram'],-0.9001,"the polish capital warsaw has seen the number of wild boar on its streets soar to more than 3,000 - with reports from the public rising 20-fold since 2020 - so it's now planning a task force to tackle the issue. a viral clip of a humanoid robot chasing wild boar in a warsaw street has amassed more than 14 million views on instagram - and another clip shows wild boar stealing sandwiches from the panniers of a bicycle. a study showed there had been 121 attacks on people in 2025 and 341 were killed",business,0.270553,False
83,https://www.bbc.com/news/articles/ckgwg4j2gzlo?at_medium=RSS&at_campaign=rss,"Mon, 27 Apr 2026 12:43:06 GMT",Museum announces return of artefacts to Botswana,"Brighton & Hove Museums is set to return 45 cultural artefacts to Botswana as part of a partnership between two museums.  The return is believed to be the first substantial return of its kind from a UK museum and it follows a 2022 repatriation claim by the Khama III Memorial Museum in Serowe. The objects include a collection of clothing, accessories, hunting implements and domestic items acquired by Rev William Charles Willoughby in the 1890s. Portia Tremlett, curator at Brighton & Hove Museums,","['Brighton & Hove Museums', 'the Khama III Memorial Museum', 'Botswana']",0.6369,"brighton & hove museums is set to return 45 cultural artefacts to botswana as part of a partnership between two museums.  the return is believed to be the first substantial return of its kind from a uk museum and it follows a 2022 repatriation claim by the khama iii memorial museum in serowe. the objects include a collection of clothing, accessories, hunting implements and domestic items acquired by rev william charles willoughby in the 1890s. portia tremlett, curator at brighton & hove museums,",business,0.20449284,False
84,https://www.bbc.com/news/articles/cj373406gz5o?at_medium=RSS&at_campaign=rss,"Mon, 27 Apr 2026 15:52:51 GMT",Suspects in Scot's murder in Kenya charged over attack on another man,"Four men named by police in Kenya as suspects in the murder of a Scottish businessman are to go on trial accused of the violent robbery of another man. Campbell Scott, from Dunfermline, Fife, was visiting the Kenyan capital Nairobi for a conference last February when he disappeared from his hotel. The 58-year-old's body was found days later in a sack in a forest about 60 miles away from the city. Bernard Mbusu, Isaac Kinoti Kobia, Evans Muthengi Mutaki and Kelvin Mwangi Njoroge were arrested and",[],-0.9531,"four men named by police in kenya as suspects in the murder of a scottish businessman are to go on trial accused of the violent robbery of another man. campbell scott, from dunfermline, fife, was visiting the kenyan capital nairobi for a conference last february when he disappeared from his hotel. the 58-year-old's body was found days later in a sack in a forest about 60 miles away from the city. bernard mbusu, isaac kinoti kobia, evans muthengi mutaki and kelvin mwangi njoroge were arrested and",entertainment,0.25812793,False
85,https://www.bbc.com/news/articles/cm2562jd54vo?at_medium=RSS&at_campaign=rss,"Sat, 25 Apr 2026 23:09:08 GMT",The detained anti-colonial activist grabbing attention in West Africa: Who is Kemi Seba?,"The controversial anti-colonial pan-African activist Kemi Seba is currently in detention in South Africa, days after his arrest while allegedly attempting to flee to Europe via Zimbabwe. The 45-year-old is currently wanted in Benin for ""inciting rebellion"" after allegedly supporting the country's foiled coup in December 2025. Known for his staunch opposition to French influence in Africa, backing of West African military leaders and pro-Russian propaganda, Seba has had multiple skirmishes with t",['Seba'],-0.6369,"the controversial anti-colonial pan-african activist kemi seba is currently in detention in south africa, days after his arrest while allegedly attempting to flee to europe via zimbabwe. the 45-year-old is currently wanted in benin for ""inciting rebellion"" after allegedly supporting the country's foiled coup in december 2025. known for his staunch opposition to french influence in africa, backing of west african military leaders and pro-russian propaganda, seba has had multiple skirmishes with t",sport,0.08775377,False
86,https://www.bbc.com/news/articles/cq5700w7zx7o?at_medium=RSS&at_campaign=rss,"Fri, 24 Apr 2026 23:08:18 GMT",A nation built on pan-African principles faces questions about racism,"Zambia likes to pride itself as being at the forefront of African nationalism and the fight against colonial rule, however several Zambians have told the BBC that racism remains a problem in the country more than 60 years after independence from the UK. Although it is rarely overt, they say that subtle everyday discrimination can make it feel like they are second-class citizens in their own country. They give accounts of black people being passed over for certain jobs, snubbed at restaurants and",['BBC'],-0.5574,"zambia likes to pride itself as being at the forefront of african nationalism and the fight against colonial rule, however several zambians have told the bbc that racism remains a problem in the country more than 60 years after independence from the uk. although it is rarely overt, they say that subtle everyday discrimination can make it feel like they are second-class citizens in their own country. they give accounts of black people being passed over for certain jobs, snubbed at restaurants and",business,0.09808135,False
87,https://www.bbc.com/news/articles/c4gj1w5lqw7o?at_medium=RSS&at_campaign=rss,"Fri, 24 Apr 2026 13:57:20 GMT","Behind Nigeria's murky coup plot - the money, the prayers and a Nollywood arrest","For months rumours and secrecy have surrounded last year's alleged Independence Day coup plot in Nigeria - but with this week's indictment of six people accused of involvement comes the first details of what is said to have been an elaborate plan to oust President Bola Tinubu. It was due to take place on 1 October 2025 - the day Nigeria marked the 65th anniversary of its independence from the UK. But at the very last minute the celebratory parade, to be attended by the president, was cancelled -",[],-0.6486,"for months rumours and secrecy have surrounded last year's alleged independence day coup plot in nigeria - but with this week's indictment of six people accused of involvement comes the first details of what is said to have been an elaborate plan to oust president bola tinubu. it was due to take place on 1 october 2025 - the day nigeria marked the 65th anniversary of its independence from the uk. but at the very last minute the celebratory parade, to be attended by the president, was cancelled -",business,0.21254164,False
88,https://www.bbc.com/news/articles/cql7p9rd3gyo?at_medium=RSS&at_campaign=rss,"Wed, 22 Apr 2026 23:37:11 GMT",He wasn't guilty but delays left this man jailed for five years without trial,"Not listening to his mother cost 23-year-old Nigerian Rasheed Wasiu dearly – more than five years of his freedom for something he did not do. Now released from prison, where he was stuck waiting for his trial as the judicial process crawled on, Rasheed has no idea where she is. His mother has gone missing. In October 2020, she had told him not to go out as widespread anti-police brutality demonstrations, known as the End Sars protests, swept into his area of Lagos, Nigeria's bustling commercial ","['Rasheed', 'Nigerian Rasheed Wasiu']",-0.765,"not listening to his mother cost 23-year-old nigerian rasheed wasiu dearly – more than five years of his freedom for something he did not do. now released from prison, where he was stuck waiting for his trial as the judicial process crawled on, rasheed has no idea where she is. his mother has gone missing. in october 2020, she had told him not to go out as widespread anti-police brutality demonstrations, known as the end sars protests, swept into his area of lagos, nigeria's bustling commercial",sport,0.23836383,False
89,https://www.bbc.com/sport/basketball/articles/c5yxz41yjl0o?at_medium=RSS&at_campaign=rss,"Wed, 22 Apr 2026 12:10:25 GMT",'I cried so hard' - the Kenyan WNBA star who beat US visa heartbreak,"Madina Okot (right) was drafted by WNBA side Atlanta Dream, but she almost gave up on moving to the United States after being rejected for a visa four times On the night that changed her life, Madina Okot sat quietly. The Kenyan was waiting, hoping and praying that her name would be called at the Women's National Basketball Association (WNBA) draft in New York. ""I was so nervous,"" she told BBC Sport Africa, reflecting on those moments inside the venue on 13 April. ""When I heard my name, it was l","[""the Women's National Basketball Association"", 'Atlanta Dream', 'BBC Sport Africa', 'WNBA']",0.7717,"madina okot (right) was drafted by wnba side atlanta dream, but she almost gave up on moving to the united states after being rejected for a visa four times on the night that changed her life, madina okot sat quietly. the kenyan was waiting, hoping and praying that her name would be called at the women's national basketball association (wnba) draft in new york. ""i was so nervous,"" she told bbc sport africa, reflecting on those moments inside the venue on 13 april. ""when i heard my name, it was l",sport,0.21705066,False
90,https://www.bbc.com/news/articles/c895k3537kgo?at_medium=RSS&at_campaign=rss,"Sun, 19 Apr 2026 23:07:52 GMT",'They told me he was dead': Children born near army base learn truth about UK soldier dads,"""Edward"", a nine-year-old Kenyan boy, has always been aware his father worked for the British military. The boy's skin colour, lighter than his peers, has provoked years of bullying. His father disappeared before Edward [not his real name] was born, leaving his mum living in extreme poverty, ostracised by some of her family. Now this man, who worked as a contractor at a British army base in Kenya, and 19 others who served as soldiers there, have been identified through a ground-breaking DNA and ",[],-0.8807,"""edward"", a nine-year-old kenyan boy, has always been aware his father worked for the british military. the boy's skin colour, lighter than his peers, has provoked years of bullying. his father disappeared before edward [not his real name] was born, leaving his mum living in extreme poverty, ostracised by some of her family. now this man, who worked as a contractor at a british army base in kenya, and 19 others who served as soldiers there, have been identified through a ground-breaking dna and",entertainment,0.1537905,False
91,https://www.bbc.com/news/articles/cx2ddjv90v9o?at_medium=RSS&at_campaign=rss,"Sat, 18 Apr 2026 23:09:49 GMT","'The weapons were loud, but there was always music': Sudanese band play on through the war","Members of one of Sudan's most influential bands, Aswat Almadina, are scattered across the world, clinging to the hope that their music will be an inspiration for peace in a nation ravaged by war. Timon was among the six members of the band who left Sudan two months after the conflict started in 2023, traumatised by the sight of dead bodies, destroyed buildings and burnt-out cars in the streets of the capital, Khartoum. ""It was like something out of a zombie movie,"" Timon tells the BBC Focus on ",['the BBC Focus on'],-0.3832,"members of one of sudan's most influential bands, aswat almadina, are scattered across the world, clinging to the hope that their music will be an inspiration for peace in a nation ravaged by war. timon was among the six members of the band who left sudan two months after the conflict started in 2023, traumatised by the sight of dead bodies, destroyed buildings and burnt-out cars in the streets of the capital, khartoum. ""it was like something out of a zombie movie,"" timon tells the bbc focus on",entertainment,0.21521553,False
92,https://www.bbc.com/sport/football/articles/ce3drvx6kn4o?at_medium=RSS&at_campaign=rss,"Tue, 21 Apr 2026 13:50:53 GMT",Midtjylland's Djabi seriously injured in stabbing,Alamara Djabi had a loan spell last season with Portuguese side CD Mafra Midtjylland midfielder Alamara Djabi is in a stable condition having been seriously injured in a stabbing in Denmark. Local police confirmed the incident occurred in the early hours of Sunday morning in Herning - the central Danish town where Midtjylland are based. The 19-year-old from Guinea-Bissau was signed from Benfica's academy in 2023 and has made two senior appearances for Midtjylland. The club said in a statement th,"[""Benfica's academy"", 'Herning']",-0.296,alamara djabi had a loan spell last season with portuguese side cd mafra midtjylland midfielder alamara djabi is in a stable condition having been seriously injured in a stabbing in denmark. local police confirmed the incident occurred in the early hours of sunday morning in herning - the central danish town where midtjylland are based. the 19-year-old from guinea-bissau was signed from benfica's academy in 2023 and has made two senior appearances for midtjylland. the club said in a statement th,sport,0.25692144,False
93,https://www.bbc.com/sport/football/articles/c05d3zd1npjo?at_medium=RSS&at_campaign=rss,"Fri, 24 Apr 2026 15:10:01 GMT",Former Nigeria striker Eneramo dies during match,"Michael Eneramo scored his first international goal in a friendly against the Republic of Ireland in May 2009 Former Nigeria striker Michael Eneramo has died after suffering a suspected cardiac arrest during a friendly match, the country's football federation (NFF) has announced. The 40-year-old collapsed on the pitch five minutes into the second half in Kaduna on Friday. Eneramo won 10 caps for the Super Eagles and had spells in Tunisia, Algeria, Saudi Arabia and Turkey during a club career whi","['Eneramo', 'the Super Eagles']",0.4404,"michael eneramo scored his first international goal in a friendly against the republic of ireland in may 2009 former nigeria striker michael eneramo has died after suffering a suspected cardiac arrest during a friendly match, the country's football federation (nff) has announced. the 40-year-old collapsed on the pitch five minutes into the second half in kaduna on friday. eneramo won 10 caps for the super eagles and had spells in tunisia, algeria, saudi arabia and turkey during a club career whi",sport,0.20422333,False
94,https://www.bbc.com/sport/athletics/articles/cwyxjzjdvp4o?at_medium=RSS&at_campaign=rss,"Mon, 20 Apr 2026 18:30:47 GMT",Korir defends Boston Marathon title with course record,"John Korir and Sharon Lokedi were running in the 130th staging of the Boston Marathon Kenya's John Korir set a new course record of two hours, one minute and 52 seconds to win a second successive Boston Marathon. Compatriot Sharon Lokedi also defended her title in the women's race, finishing in two hours, 18 minutes and 51 seconds. Korir, 29, shaved one minute and 10 seconds off the previous course record set by Kenya's Geoffrey Mutai in 2011. His latest victory follows wins at the Chicago Marat",[],0.8625,"john korir and sharon lokedi were running in the 130th staging of the boston marathon kenya's john korir set a new course record of two hours, one minute and 52 seconds to win a second successive boston marathon. compatriot sharon lokedi also defended her title in the women's race, finishing in two hours, 18 minutes and 51 seconds. korir, 29, shaved one minute and 10 seconds off the previous course record set by kenya's geoffrey mutai in 2011. his latest victory follows wins at the chicago marat",sport,0.11793317,False
95,https://www.bbc.com/sport/athletics/articles/c3ex2717742o?at_medium=RSS&at_campaign=rss,"Thu, 16 Apr 2026 14:58:46 GMT",World Athletics rejects 11 athlete transfers to Turkey,"Brigid Kosgei won marathon silver for Kenya at the Tokyo Olympics in 2021 World Athletics has rejected the applications of 11 elite athletes to switch their nationality to Turkey. The governing body said the requests were ""part of a coordinated recruitment strategy"" by the country's government ""to attract overseas athletes through lucrative contracts"". The 11 athletes included five Kenyans - including former women's marathon world record-holder Brigid Kosgei - four Jamaicans, a Nigerian and a Ru",['World Athletics'],0.4404,"brigid kosgei won marathon silver for kenya at the tokyo olympics in 2021 world athletics has rejected the applications of 11 elite athletes to switch their nationality to turkey. the governing body said the requests were ""part of a coordinated recruitment strategy"" by the country's government ""to attract overseas athletes through lucrative contracts"". the 11 athletes included five kenyans - including former women's marathon world record-holder brigid kosgei - four jamaicans, a nigerian and a ru",sport,0.055345666,False
96,https://www.bbc.com/sport/articles/cr4116w71dgo?at_medium=RSS&at_campaign=rss,"Wed, 15 Apr 2026 12:11:13 GMT",Nigerian with 'natural explosiveness' aiming for NFL spot,"Uar Bernard, who hails from northern Nigeria, is hoping to be drafted by one of 32 NFL clubs later this month In under a fortnight, Uar Bernard's life could change forever. The Nigerian will travel to Pittsburgh with a handful of peers from the NFL's International Player Pathway (IPP) for this year's NFL Draft on 23-25 April. The 21-year-old works part-time as a personal trainer to help support his family, but getting picked by an NFL team could lead to him earning an annual salary in excess of ","[""Uar Bernard's"", 'International Player Pathway', 'NFL', 'Uar Bernard']",0.5574,"uar bernard, who hails from northern nigeria, is hoping to be drafted by one of 32 nfl clubs later this month in under a fortnight, uar bernard's life could change forever. the nigerian will travel to pittsburgh with a handful of peers from the nfl's international player pathway (ipp) for this year's nfl draft on 23-25 april. the 21-year-old works part-time as a personal trainer to help support his family, but getting picked by an nfl team could lead to him earning an annual salary in excess of",sport,0.09551151,False
97,https://www.bbc.com/sport/athletics/articles/c3dll513xdzo?at_medium=RSS&at_campaign=rss,"Tue, 14 Apr 2026 10:55:30 GMT",Jepchirchir withdraws from London Marathon,This video can not be played 'My goodness!' - Kenya's Jepchirchir wins the London Marathon World champion Peres Jepchirchir has withdrawn from this month's London Marathon. The Tokyo 2020 Olympic champion was diagnosed with an unspecified stress fracture after finishing second in the Valencia marathon in December. That delayed the start of her training for London and the 32-year-old Kenyan has now told race organisers she must withdraw. Jepchirchir won the 2024 London Marathon in a women's only ,"['the London Marathon World', 'Jepchirchir', 'London Marathon']",0.8947,this video can not be played 'my goodness!' - kenya's jepchirchir wins the london marathon world champion peres jepchirchir has withdrawn from this month's london marathon. the tokyo 2020 olympic champion was diagnosed with an unspecified stress fracture after finishing second in the valencia marathon in december. that delayed the start of her training for london and the 32-year-old kenyan has now told race organisers she must withdraw. jepchirchir won the 2024 london marathon in a women's only,sport,0.10887485,False
98,https://www.bbc.com/sport/football/articles/cwyw6z2vw33o?at_medium=RSS&at_campaign=rss,"Mon, 13 Apr 2026 21:29:18 GMT",Ghana appoint ex-Man Utd assistant Queiroz as coach,"Carlos Queiroz is set to manage at his fifth World Cup in 2026 Former Manchester United assistant manager Carlos Queiroz has been appointed as Ghana's head coach for the upcoming World Cup. The 73-year-old Portuguese has replaced Otto Addo, who was sacked on 31 March after friendly defeats by Germany and Austria. The Black Stars, who are in the same World Cup group as England, also failed to qualify for the 2025 Africa Cup of Nations under Addo. Queiroz had two spells as Sir Alex Ferguson's assi",[],0.1027,"carlos queiroz is set to manage at his fifth world cup in 2026 former manchester united assistant manager carlos queiroz has been appointed as ghana's head coach for the upcoming world cup. the 73-year-old portuguese has replaced otto addo, who was sacked on 31 march after friendly defeats by germany and austria. the black stars, who are in the same world cup group as england, also failed to qualify for the 2025 africa cup of nations under addo. queiroz had two spells as sir alex ferguson's assi",sport,0.1266264,False
99,https://www.bbc.com/news/videos/czd77jgnnlno?at_medium=RSS&at_campaign=rss,"Wed, 15 Apr 2026 08:38:36 GMT","The human cost of the war in Sudan, three years on","It has been three years since civil war erupted in Sudan - leading to what is considered the world's worst humanitarian crisis. The conflict has seen human suffering on a huge scale, with 65% of the population in need of food, water, shelter and medicine. Thousands of people have been killed, and millions forcibly displaced. World diplomacy has had little success in bringing the war to an end. The BBC's Barbara Plett Usher reports. DR Congo are back at the World Cup for the first time since 1974","['BBC', 'DR Congo']",-0.969,"it has been three years since civil war erupted in sudan - leading to what is considered the world's worst humanitarian crisis. the conflict has seen human suffering on a huge scale, with 65% of the population in need of food, water, shelter and medicine. thousands of people have been killed, and millions forcibly displaced. world diplomacy has had little success in bringing the war to an end. the bbc's barbara plett usher reports. dr congo are back at the world cup for the first time since 1974",sport,0.33549553,False
100,https://www.bbc.com/news/videos/cvg0q1d9zddo?at_medium=RSS&at_campaign=rss,"Wed, 01 Apr 2026 12:45:29 GMT","DR Congo qualify for World Cup: 'Amidst pain and war, this victory makes us proud’","Fans from the Democratic Republic of Congo have been celebrating in the capital Kinshasa after the Leopards booked their place at the Fifa World Cup for the first time in 52 years. Axel Tuanzebe's extra-time goal game them a 1-0 win over Jamaica in their intercontinental play-off which took place in Mexico. The team can now look forward to group matches against Portugal, Colombia and Uzbekistan when the tournament kicks off in June. Filmed by: Byobe Malenga The conflict, which erupted in 2023, h",['Byobe Malenga'],0.7351,"fans from the democratic republic of congo have been celebrating in the capital kinshasa after the leopards booked their place at the fifa world cup for the first time in 52 years. axel tuanzebe's extra-time goal game them a 1-0 win over jamaica in their intercontinental play-off which took place in mexico. the team can now look forward to group matches against portugal, colombia and uzbekistan when the tournament kicks off in june. filmed by: byobe malenga the conflict, which erupted in 2023, h",sport,0.22538415,False
101,https://www.bbc.com/news/videos/cwygeypnevxo?at_medium=RSS&at_campaign=rss,"Thu, 12 Mar 2026 12:40:13 GMT","One house, two faiths, one fasting season","Olanrewaju Williams is a Christian and his wife, Kaosara, is a Muslim and this year they are both fasting.⁣ ⁣ For the first time since 1993, the Muslim holy month of Ramadan and the Christian season of Lent are taking place at the same time. Both periods involve fasting, prayer and reflection.⁣ ⁣  We spoke to the couple in Nigeria, where Christians and Muslims make up nearly equal parts of the population, about what observing these sacred periods together means for their family.⁣  Produced and e",[],0.0,"olanrewaju williams is a christian and his wife, kaosara, is a muslim and this year they are both fasting.⁣ ⁣ for the first time since 1993, the muslim holy month of ramadan and the christian season of lent are taking place at the same time. both periods involve fasting, prayer and reflection.⁣ ⁣  we spoke to the couple in nigeria, where christians and muslims make up nearly equal parts of the population, about what observing these sacred periods together means for their family.⁣  produced and e",sport,0.28225696,False
102,https://www.bbc.com/news/videos/cz9qqzqkk82o?at_medium=RSS&at_campaign=rss,"Thu, 05 Mar 2026 12:29:16 GMT",Inside Ethiopia's 'smart' police station,"Ethiopia has unveiled its first unmanned police station. It’s a fully digital space where citizens can report crimes without physically meeting an officer.  The pilot project in Addis Ababa is part of Prime Minister Abiy Ahmed’s push to modernise public services.  But questions remain about access, trust, and whether technology can really improve everyday policing. The conflict, which erupted in 2023, has left behind a human toll which is ""simply staggering"", reports the BBC's Barbara Plett Ushe",['BBC'],0.7776,"ethiopia has unveiled its first unmanned police station. it’s a fully digital space where citizens can report crimes without physically meeting an officer.  the pilot project in addis ababa is part of prime minister abiy ahmed’s push to modernise public services.  but questions remain about access, trust, and whether technology can really improve everyday policing. the conflict, which erupted in 2023, has left behind a human toll which is ""simply staggering"", reports the bbc's barbara plett ushe",business,0.3080583,False
103,https://www.bbc.com/news/videos/czej7xpx0x9o?at_medium=RSS&at_campaign=rss,"Thu, 05 Feb 2026 17:15:30 GMT",At the scene: Muslims killed 'over rejection of extremist ideology' in Nigeria,"Authorities in Nigeria's Kwara state say an attack that killed dozens of people on Tuesday was driven by ideology, not criminal banditry, blaming Islamist militant group Boko Haram. The state governor said residents of Kaiama community were attacked after they rejected a particular interpretation of Islam. He put the death toll at 75, but the final figure could be higher. DR Congo are back at the World Cup for the first time since 1974, with fans in Kinshasa celebrating the team's 1-0 play-off w","['DR Congo', 'Islam']",-0.165,"authorities in nigeria's kwara state say an attack that killed dozens of people on tuesday was driven by ideology, not criminal banditry, blaming islamist militant group boko haram. the state governor said residents of kaiama community were attacked after they rejected a particular interpretation of islam. he put the death toll at 75, but the final figure could be higher. dr congo are back at the world cup for the first time since 1974, with fans in kinshasa celebrating the team's 1-0 play-off w",sport,0.17970881,False
104,https://www.bbc.com/news/videos/c77m77krx44o?at_medium=RSS&at_campaign=rss,"Mon, 27 Apr 2026 19:12:44 GMT",Neighbours of White House correspondents' dinner shooting suspect react,"There are a few details we know about Cole Tomas Allen, the suspect of the White House Correspondents' Dinner shooting. We know he's 31, from Torrance in California, and that he is said to have worked for a tutoring company for college age students. He describes himself as a mechanical engineer, game developer and teacher, who studied mechanical engineering at the California Institute of Technology (Caltech) and took part in its Christian fellowship. Read more here. Officials say the frozen bloc","[""the White House Correspondents' Dinner"", 'the California Institute of Technology', 'Caltech']",-0.296,"there are a few details we know about cole tomas allen, the suspect of the white house correspondents' dinner shooting. we know he's 31, from torrance in california, and that he is said to have worked for a tutoring company for college age students. he describes himself as a mechanical engineer, game developer and teacher, who studied mechanical engineering at the california institute of technology (caltech) and took part in its christian fellowship. read more here. officials say the frozen bloc",sport,0.23182236,False
105,https://www.bbc.com/news/videos/ckger3y52k2o?at_medium=RSS&at_campaign=rss,"Mon, 27 Apr 2026 14:12:09 GMT",Why Elon Musk and Sam Altman are fighting over OpenAI,"Musk, who co-founded the company that created ChatGPT with Altman, wants more than $130 billion in damages in a lawsuit that could shakeup the artificial intelligence landscape. The BBC's Lily Jamali explains why the two tech giants are facing off in court.  BBC reports from Washington DC, where Cole Tomas Allen was charged with attempting to assassinate Donald Trump. After landing, the royals were greeted by US President Donald Trump at the White House and later visited the British Embassy. Col",['BBC'],0.0,"musk, who co-founded the company that created chatgpt with altman, wants more than $130 billion in damages in a lawsuit that could shakeup the artificial intelligence landscape. the bbc's lily jamali explains why the two tech giants are facing off in court.  bbc reports from washington dc, where cole tomas allen was charged with attempting to assassinate donald trump. after landing, the royals were greeted by us president donald trump at the white house and later visited the british embassy. col",business,0.17179671,False
106,https://www.bbc.com/news/articles/cgj0j9439vlo?at_medium=RSS&at_campaign=rss,"Mon, 27 Apr 2026 21:43:01 GMT",White House to review Trump's security after shooting at dinner event,"The White House will hold a meeting to review US President Donald Trump's security in the wake of Saturday's shooting incident at the White House Correspondents' Dinner, a senior official has confirmed to the BBC.  Trump has stood by the Secret Service, which has come under scrutiny after an armed suspect, 31-year-old Cole Tomas Allen, was able to get near a ballroom with more than 2,000 people, including Trump and cabinet members. Officers subdued Allen, but not before a federal agent was wound","['BBC', 'Trump', 'The White House', 'the Secret Service']",0.0258,"the white house will hold a meeting to review us president donald trump's security in the wake of saturday's shooting incident at the white house correspondents' dinner, a senior official has confirmed to the bbc.  trump has stood by the secret service, which has come under scrutiny after an armed suspect, 31-year-old cole tomas allen, was able to get near a ballroom with more than 2,000 people, including trump and cabinet members. officers subdued allen, but not before a federal agent was wound",sport,0.118726484,False
107,https://www.bbc.com/news/articles/crm1mygrmv2o?at_medium=RSS&at_campaign=rss,"Mon, 27 Apr 2026 17:02:55 GMT",Taylor Swift files to trademark voice and image after AI concerns,"Taylor Swift has applied to trademark her voice and appearance in an apparent attempt to protect herself from artificial intelligence impersonations. The pop superstar has lodged three trademark applications in the US - one using a photo of herself on stage during her Eras Tour, and the other two being audio clips of her introducing herself while promoting her last album. AI-generated versions of Swift have cropped up in various ways in recent years - from explicit images to a fake election ad i",[],0.7717,"taylor swift has applied to trademark her voice and appearance in an apparent attempt to protect herself from artificial intelligence impersonations. the pop superstar has lodged three trademark applications in the us - one using a photo of herself on stage during her eras tour, and the other two being audio clips of her introducing herself while promoting her last album. ai-generated versions of swift have cropped up in various ways in recent years - from explicit images to a fake election ad i",entertainment,0.09264235,False
108,https://www.bbc.com/news/articles/c70d249rd0go?at_medium=RSS&at_campaign=rss,"Sun, 26 Apr 2026 23:04:19 GMT",Canada's Carney has enjoyed a long political honeymoon. Now comes the test,"Mark Carney arrived on Canada's political scene last year as an Ivy League and Oxford educated economist and a former central banker for two countries. He had an impressive resume and ambitions to be prime minister but had never run for public office until replacing Justin Trudeau as Liberal leader.  There was concern his lack of political experience would be a liability, but under his leadership, the Liberals won a minority government, which in a year had solidified into a narrow majority follo","['Oxford', 'Liberal']",0.4678,"mark carney arrived on canada's political scene last year as an ivy league and oxford educated economist and a former central banker for two countries. he had an impressive resume and ambitions to be prime minister but had never run for public office until replacing justin trudeau as liberal leader.  there was concern his lack of political experience would be a liability, but under his leadership, the liberals won a minority government, which in a year had solidified into a narrow majority follo",sport,0.10399232,False
109,https://www.bbc.com/news/videos/ckgrkd4g7ezo?at_medium=RSS&at_campaign=rss,"Mon, 27 Apr 2026 15:26:56 GMT",What to expect as Trump hosts the King,"King Charles III and Queen Camilla will make their first state visit to the United States as monarchs to mark the 250th anniversary of American independence. The King is also expected to address a joint meeting of Congress. The visit comes at a time of strained relations between the United States and the United Kingdom, amid tensions over the Iran war. US President Donald Trump has been highly critical of Prime Minister Keir Starmer. The BBC’s Sarah Smith previews what to expect from the state v","['BBC', 'Congress']",-0.5413,"king charles iii and queen camilla will make their first state visit to the united states as monarchs to mark the 250th anniversary of american independence. the king is also expected to address a joint meeting of congress. the visit comes at a time of strained relations between the united states and the united kingdom, amid tensions over the iran war. us president donald trump has been highly critical of prime minister keir starmer. the bbc’s sarah smith previews what to expect from the state v",business,0.13410135,False
110,https://www.bbc.com/news/videos/crm1gm7ez30o?at_medium=RSS&at_campaign=rss,"Sun, 26 Apr 2026 01:59:35 GMT",Moment Trump rushed from White House Correspondents' Dinner after  gunshots heard,"US President Donald Trump was rushed to safety from the White House Correspondents' Dinner after gunshots rang out at the venue. The President and First Lady Melania Trump appeared to be part way through a conversation at the Washington Hilton when he was interrupted by a commotion at the White House table.  Loud bangs could be heard and then various secret service members escorted the president away from the venue as they called out ""stay down, stay down"". The president, first lady and all othe","[""the White House Correspondents' Dinner"", 'White House']",0.1531,"us president donald trump was rushed to safety from the white house correspondents' dinner after gunshots rang out at the venue. the president and first lady melania trump appeared to be part way through a conversation at the washington hilton when he was interrupted by a commotion at the white house table.  loud bangs could be heard and then various secret service members escorted the president away from the venue as they called out ""stay down, stay down"". the president, first lady and all othe",sport,0.19704968,False
111,https://www.bbc.com/news/videos/ce3d35epdrvo?at_medium=RSS&at_campaign=rss,"Sun, 26 Apr 2026 20:42:58 GMT",What it was like in the room during gunshots at Trump event,More on this story. Copyright 2026 BBC. All rights reserved. The BBC is not responsible for the content of external sites. Read about our approach to external linking.  ,['BBC'],-0.2411,more on this story. copyright 2026 bbc. all rights reserved. the bbc is not responsible for the content of external sites. read about our approach to external linking.,entertainment,0.17368384,False
112,https://www.bbc.com/news/videos/cwy37w2y64ro?at_medium=RSS&at_campaign=rss,"Fri, 24 Apr 2026 23:00:21 GMT",Epstein survivor: Meeting the King would be a 'grand step',"Teresa Helm, a survivor of convicted sex offender Jeffrey Epstein, has said a meeting with King Charles and Queen Camilla would ""demonstrate human dignity"". Speaking to the BBC's Nada Tawfik, Helm echoed the requests of other survivors and lawmakers for the Royals to meet with Epstein survivors. The King and Queen are visiting Washington DC from 27 to 30 April. A Buckingham Palace source confirmed the King and Queen would not meet with survivors during the state visit due to the possibility of i","['BBC', 'The King and Queen', 'the King and Queen']",0.0,"teresa helm, a survivor of convicted sex offender jeffrey epstein, has said a meeting with king charles and queen camilla would ""demonstrate human dignity"". speaking to the bbc's nada tawfik, helm echoed the requests of other survivors and lawmakers for the royals to meet with epstein survivors. the king and queen are visiting washington dc from 27 to 30 april. a buckingham palace source confirmed the king and queen would not meet with survivors during the state visit due to the possibility of i",entertainment,0.21334699,False
113,https://www.bbc.com/news/articles/c62j23wzeqeo?at_medium=RSS&at_campaign=rss,"Sun, 26 Apr 2026 04:22:59 GMT",I was in the room with Trump and heard the low thudding sound of gunfire,"I had just put my knife and fork down, and almost didn't notice the booming sounds coming from somewhere in front of me in the direction of the main entrance to the ballroom at the Washington Hilton.        I did a kind of audio double take.  Within moments, I thought – that is the low thudding sound that semi-automatic weapons make. As someone who is blind I focus on the sounds, and I heard the shattering of glass. Then I felt the head of my colleague, Daniel, who I had just been speaking to, b",[],-0.7717,"i had just put my knife and fork down, and almost didn't notice the booming sounds coming from somewhere in front of me in the direction of the main entrance to the ballroom at the washington hilton.        i did a kind of audio double take.  within moments, i thought – that is the low thudding sound that semi-automatic weapons make. as someone who is blind i focus on the sounds, and i heard the shattering of glass. then i felt the head of my colleague, daniel, who i had just been speaking to, b",sport,0.21528897,False
114,https://www.bbc.com/news/articles/c2484nln8zeo?at_medium=RSS&at_campaign=rss,"Mon, 27 Apr 2026 08:06:17 GMT",Washington hotel shooting raises questions about Trump security,"""I can't imagine that there's any profession that is more dangerous,"" Donald Trump said of his job, just hours after he was at the centre of yet another major security incident.  While a small army of Secret Service agents make the US president arguably the world's most protected person, keeping him safe is proving to be no easy task. First there was the assassination attempt in Butler, Pennsylvania, in the summer of 2024 in which a bullet grazed his ear. Just 64 days later, Trump was again the ",['Secret Service'],0.5095,"""i can't imagine that there's any profession that is more dangerous,"" donald trump said of his job, just hours after he was at the centre of yet another major security incident.  while a small army of secret service agents make the us president arguably the world's most protected person, keeping him safe is proving to be no easy task. first there was the assassination attempt in butler, pennsylvania, in the summer of 2024 in which a bullet grazed his ear. just 64 days later, trump was again the",sport,0.22174929,False
115,https://www.bbc.com/news/articles/cyv1d3zn816o?at_medium=RSS&at_campaign=rss,"Sun, 26 Apr 2026 23:13:26 GMT","With presidents, cowboys and A-listers - King Charles pictured in US over the years","King Charles III has been making official visits to the US throughout his adult life, but his first trip since being crowned monarch may be his most interesting yet. On Monday, he will arrive for an official state visit where he will travel to Washington DC, Virginia and New York before departing for Bermuda. The US trip is the first by a reigning British monarch in almost 20 years, since Queen Elizabeth II accepted an invitation from President George W Bush in 2007. His past trips have included",[],0.7677,"king charles iii has been making official visits to the us throughout his adult life, but his first trip since being crowned monarch may be his most interesting yet. on monday, he will arrive for an official state visit where he will travel to washington dc, virginia and new york before departing for bermuda. the us trip is the first by a reigning british monarch in almost 20 years, since queen elizabeth ii accepted an invitation from president george w bush in 2007. his past trips have included",entertainment,0.17016797,False
116,https://www.bbc.com/news/articles/c74v25qkd39o?at_medium=RSS&at_campaign=rss,"Sun, 26 Apr 2026 23:09:26 GMT",What to know about King Charles's state visit to US,"King Charles III and Queen Camilla are visiting the US - the first British state visit to the country since Queen Elizabeth II's visit in 2007.  The trip, which comes as the US approaches the 250th anniversary of its independence from Britain, is meant to celebrate the strong relationship between the two countries.  State visits are taken when a head of state is invited for a formal stay by another country, in this case the US. As heads of government, British prime ministers conduct ""official vi",['State'],0.7906,"king charles iii and queen camilla are visiting the us - the first british state visit to the country since queen elizabeth ii's visit in 2007.  the trip, which comes as the us approaches the 250th anniversary of its independence from britain, is meant to celebrate the strong relationship between the two countries.  state visits are taken when a head of state is invited for a formal stay by another country, in this case the us. as heads of government, british prime ministers conduct ""official vi",business,0.080536544,False
117,https://www.bbc.com/news/articles/cly032z5e71o?at_medium=RSS&at_campaign=rss,"Sat, 25 Apr 2026 01:03:36 GMT",'We cried together': Trump's deportation drive forces tough decisions for couples,"Janie Pérez found it strange that her husband called her just a few minutes after leaving the house on his way to work. When she picked up the phone, she learned why. ""I think ICE is here,"" her husband, Alejandro Pérez, said, referring to agents from the US Immigration and Customs Enforcement agency. ""We started praying,"" Janie recalls, while in the background she heard the immigration agents arresting him. At that moment, Janie - whose maiden name is Hughes - understood her life would change fo","['Hughes', 'the US Immigration', 'Customs Enforcement']",-0.2023,"janie pérez found it strange that her husband called her just a few minutes after leaving the house on his way to work. when she picked up the phone, she learned why. ""i think ice is here,"" her husband, alejandro pérez, said, referring to agents from the us immigration and customs enforcement agency. ""we started praying,"" janie recalls, while in the background she heard the immigration agents arresting him. at that moment, janie - whose maiden name is hughes - understood her life would change fo",sport,0.17774366,False
118,https://www.bbc.com/news/articles/c4gxgv8j7zlo?at_medium=RSS&at_campaign=rss,"Sun, 26 Apr 2026 22:02:45 GMT",Israeli strikes kill 14 in Lebanon amid ongoing ceasefire,"Lebanon's Ministry of Health has said Israeli strikes on the country on Sunday killed 14 people, including two children and two women, and injured 37. An Israel Defense Forces (IDF) spokesperson had earlier issued evacuation warnings for several villages in southern Lebanon, writing that residents ""must evacuate"" immediately, and that staying would be ""endangering their life"".  The IDF later said it had carried out ""artillery and aerial strikes"" targeting Hezbollah operatives and sites in southe","['Hezbollah', 'Ministry of Health', 'IDF', 'An Israel Defense Forces']",-0.9169,"lebanon's ministry of health has said israeli strikes on the country on sunday killed 14 people, including two children and two women, and injured 37. an israel defense forces (idf) spokesperson had earlier issued evacuation warnings for several villages in southern lebanon, writing that residents ""must evacuate"" immediately, and that staying would be ""endangering their life"".  the idf later said it had carried out ""artillery and aerial strikes"" targeting hezbollah operatives and sites in southe",business,0.3876706,False
119,https://www.bbc.com/news/articles/c4g6nyvl29po?at_medium=RSS&at_campaign=rss,"Sat, 25 Apr 2026 21:34:12 GMT",Trump cancels US envoys' trip to Pakistan for talks on Iran war,"Donald Trump cancelled a planned trip by US officials to Pakistan for talks on the Iran war on Saturday, shortly after Tehran's delegation had left Islamabad. The US president said special envoy Steve Witkoff and son-in-law Jared Kushner would be wasting ""too much time"", adding that if Iran wanted to talk ""all they have to do is call"". Earlier, Iranian Foreign Minister Abbas Aragchi held talks with mediator Pakistan, saying afterwards he had shared Iran's position on ending the war but was yet t",[],-0.5719,"donald trump cancelled a planned trip by us officials to pakistan for talks on the iran war on saturday, shortly after tehran's delegation had left islamabad. the us president said special envoy steve witkoff and son-in-law jared kushner would be wasting ""too much time"", adding that if iran wanted to talk ""all they have to do is call"". earlier, iranian foreign minister abbas aragchi held talks with mediator pakistan, saying afterwards he had shared iran's position on ending the war but was yet t",business,0.13261092,False
120,https://www.bbc.com/news/articles/c5yv1nvd4gjo?at_medium=RSS&at_campaign=rss,"Sun, 26 Apr 2026 00:34:21 GMT",Netanyahu orders army to 'vigorously attack' Hezbollah in Lebanon,"Israel's Prime Minister Benjamin Netanyahu has ordered his military to ""vigorously attack Hezbollah targets"" in Lebanon, two days after a ceasefire was extended by three weeks.  Fresh Israeli attacks followed the directive, which came after at least six people were killed in strikes on southern Lebanon on Saturday.  Further cross-border exchanges between the two sides have strained the truce agreement, highlighting the precarity of the ceasefire. The agreement, which has seen a reduction in fire",['Hezbollah'],-0.836,"israel's prime minister benjamin netanyahu has ordered his military to ""vigorously attack hezbollah targets"" in lebanon, two days after a ceasefire was extended by three weeks.  fresh israeli attacks followed the directive, which came after at least six people were killed in strikes on southern lebanon on saturday.  further cross-border exchanges between the two sides have strained the truce agreement, highlighting the precarity of the ceasefire. the agreement, which has seen a reduction in fire",business,0.34746748,False
121,https://www.bbc.com/news/articles/cn4vej3x0wxo?at_medium=RSS&at_campaign=rss,"Sat, 25 Apr 2026 17:01:55 GMT",Palestinians in West Bank and some in Gaza vote in local elections,"Palestinians have voted in local elections on Saturday, including the first poll of any kind to be held in Gaza since 2006. Electionstook place across the occupied West Bank, as well as in Deir al-Balah in central Gaza, where Hamas operates. Hamas was not allowed to stand and several other factions have boycotted it over a requirement that candidates recognise the authority of the Palestinian Liberation Organisation (PLO), which dominates the Palestinian Authority (PA) governing the parts of the","['the Palestinian Liberation Organisation', 'PLO', 'the Palestinian Authority', 'Hamas']",0.5574,"palestinians have voted in local elections on saturday, including the first poll of any kind to be held in gaza since 2006. electionstook place across the occupied west bank, as well as in deir al-balah in central gaza, where hamas operates. hamas was not allowed to stand and several other factions have boycotted it over a requirement that candidates recognise the authority of the palestinian liberation organisation (plo), which dominates the palestinian authority (pa) governing the parts of the",business,0.09531837,False
122,https://www.bbc.com/news/articles/cm29m732vgno?at_medium=RSS&at_campaign=rss,"Fri, 24 Apr 2026 16:38:51 GMT",Who is making decisions in Iran?,"The question hanging over Tehran since the opening strikes of Iran's current war with the US and Israel is simple: Who is in charge? Formally, the answer is clear. Mojtaba Khamenei has assumed the role of supreme leader following the killing of his father, Ali Khamenei, on the first day of the war on 28 February. In the Islamic Republic's system, that position is meant to be decisive. The leader has the final word on almost anything important: war, peace, and the state's strategic direction. But",[],-0.5774,"the question hanging over tehran since the opening strikes of iran's current war with the us and israel is simple: who is in charge? formally, the answer is clear. mojtaba khamenei has assumed the role of supreme leader following the killing of his father, ali khamenei, on the first day of the war on 28 february. in the islamic republic's system, that position is meant to be decisive. the leader has the final word on almost anything important: war, peace, and the state's strategic direction. but",entertainment,0.16669287,False
123,https://www.bbc.com/news/articles/cvglxgq1p2jo?at_medium=RSS&at_campaign=rss,"Fri, 24 Apr 2026 10:41:32 GMT",Key suspect in notorious Tadamon massacre during Syria civil war arrested,"A key suspect in one of the most notorious killings of the Syrian civil war has been arrested, Syria's interior minister has said. Amjad Youssef was wanted over the mass killing of civilians in April 2013 in the Tadamon district of Damascus.  Footage emerged in 2022 showing Syrian soldiers leading victims, bound and blindfolded, to a pit before shooting them. The video became one of the most direct pieces of visual evidence of extrajudicial killings by then government forces. Interior Minister A",['Footage'],-0.9829,"a key suspect in one of the most notorious killings of the syrian civil war has been arrested, syria's interior minister has said. amjad youssef was wanted over the mass killing of civilians in april 2013 in the tadamon district of damascus.  footage emerged in 2022 showing syrian soldiers leading victims, bound and blindfolded, to a pit before shooting them. the video became one of the most direct pieces of visual evidence of extrajudicial killings by then government forces. interior minister a",business,0.2234644,False
124,https://www.bbc.com/news/articles/cz67qjn48eqo?at_medium=RSS&at_campaign=rss,"Fri, 24 Apr 2026 16:20:10 GMT",Israeli police investigate after officers 'cut Palestinian flag' from skullcap,"A British Israeli academic has told the BBC of his shock at being detained by Israeli police for wearing a Jewish kippah, or head covering, embroidered with an Israeli and a Palestinian flag. Alex Sinclair, 53, said he was taken from the cafe where he was sitting near his home in Modiin, central Israel, on Monday, ordered to hand over his kippah and locked in a cell. He said when the item was returned to him, the part with the Palestinian flag had been cut off. The unusual case has gained domest",['BBC'],-0.1531,"a british israeli academic has told the bbc of his shock at being detained by israeli police for wearing a jewish kippah, or head covering, embroidered with an israeli and a palestinian flag. alex sinclair, 53, said he was taken from the cafe where he was sitting near his home in modiin, central israel, on monday, ordered to hand over his kippah and locked in a cell. he said when the item was returned to him, the part with the palestinian flag had been cut off. the unusual case has gained domest",sport,0.14196675,False
125,https://www.bbc.com/news/articles/ckgw72lrvn3o?at_medium=RSS&at_campaign=rss,"Fri, 24 Apr 2026 11:49:29 GMT",Israel's Benjamin Netanyahu treated for early-stage prostate cancer,"Israeli Prime Minister Benjamin Netanyahu has said he is ""in excellent physical condition"" after the publication of his annual medical report revealed he had a malignant tumour removed. In a post on X on Friday, Netanyahu said that during routine medical monitoring following successful surgery for an enlarged benign prostate, doctors found an early-stage malignant tumour. Treatment had ""removed the problem and left no trace of it"", he added. Netanyahu said he had requested to delay publication o",[],0.5574,"israeli prime minister benjamin netanyahu has said he is ""in excellent physical condition"" after the publication of his annual medical report revealed he had a malignant tumour removed. in a post on x on friday, netanyahu said that during routine medical monitoring following successful surgery for an enlarged benign prostate, doctors found an early-stage malignant tumour. treatment had ""removed the problem and left no trace of it"", he added. netanyahu said he had requested to delay publication o",sport,0.15950052,False
126,https://www.bbc.com/news/articles/cvg30jkvklno?at_medium=RSS&at_campaign=rss,"Fri, 24 Apr 2026 02:58:42 GMT",Couple discovers Lebanon home destroyed by Israel from satellite image,"""It's a catastrophe... for all of us, not only my family, but every single family that lives in that town."" Joe Elias and his wife Diana have not been able to return to their home in Qouzah, a predominantly Christian village in southern Lebanon, since renewed fighting between Hezbollah and Israel began in early March. When BBC Verify reported that Qouzah was among several villages in southern Lebanon where buildings had been demolished after Israeli forces invaded, the Elias family got in touch.","['Hezbollah', 'BBC Verify']",-0.5023,"""it's a catastrophe... for all of us, not only my family, but every single family that lives in that town."" joe elias and his wife diana have not been able to return to their home in qouzah, a predominantly christian village in southern lebanon, since renewed fighting between hezbollah and israel began in early march. when bbc verify reported that qouzah was among several villages in southern lebanon where buildings had been demolished after israeli forces invaded, the elias family got in touch.",sport,0.5119173,True
127,https://www.bbc.com/news/articles/c62kyk5j28do?at_medium=RSS&at_campaign=rss,"Thu, 23 Apr 2026 22:50:50 GMT",Trump says Israel-Lebanon ceasefire to be extended by three weeks,"US President Donald Trump said a ceasefire between Israel and Lebanon would be extended by three weeks after fresh talks between the countries' envoys in Washington. Announcing the extension on Truth Social, the US president said the meeting ""went very well"", adding the US would be working with Lebanon ""to help it protect itself from Hezbollah"". The ceasefire, announced after a meeting in Washington last week, was set to expire on Sunday. The aim is to end more than seven weeks of fighting betwe","['Hezbollah', 'Truth Social']",0.7506,"us president donald trump said a ceasefire between israel and lebanon would be extended by three weeks after fresh talks between the countries' envoys in washington. announcing the extension on truth social, the us president said the meeting ""went very well"", adding the us would be working with lebanon ""to help it protect itself from hezbollah"". the ceasefire, announced after a meeting in washington last week, was set to expire on sunday. the aim is to end more than seven weeks of fighting betwe",business,0.13770427,False
128,https://www.bbc.com/news/articles/cgldw5ekrjpo?at_medium=RSS&at_campaign=rss,"Thu, 23 Apr 2026 20:45:51 GMT",US boards ship carrying Iran oil as Trump threatens mine-laying vessels,"The US says its forces have boarded a sanctioned ship carrying Iranian oil in the Indian Ocean in the country's latest naval move against Iran. The US Department of Defence (DoD) said in a statement it had carried out a ""maritime interdiction"" - the interception or inspection of a vessel by a navy on ships suspected to be hostile or in violation of the law - on the M/T Majestic X. The US has intercepted multiple ships after imposing a blockade on maritime traffic entering and leaving Iranian por",['The US Department of Defence'],-0.7717,"the us says its forces have boarded a sanctioned ship carrying iranian oil in the indian ocean in the country's latest naval move against iran. the us department of defence (dod) said in a statement it had carried out a ""maritime interdiction"" - the interception or inspection of a vessel by a navy on ships suspected to be hostile or in violation of the law - on the m/t majestic x. the us has intercepted multiple ships after imposing a blockade on maritime traffic entering and leaving iranian por",business,0.349317,False
129,https://www.bbc.com/news/articles/cly60dwxjd1o?at_medium=RSS&at_campaign=rss,"Thu, 23 Apr 2026 13:15:07 GMT","Israeli strikes kill eight Palestinians in Gaza, first responders say","At least eight Palestinians, including three children, have been killed in two Israeli strikes in the Gaza Strip, according to medics and first responders. Five died when an Israeli drone struck a group near a mosque in the northern town of Beit Lahia on Wednesday evening. Local journalists identified them as Abdullah al-Abed, 9, Salah al-Abed, 12, Mohammed Balousha, 14, Alaa Balousha, 46, and Anas Abu Foul, 19. In a statement, the Israeli military said it had targeted what it called ""a terroris",['Beit Lahia'],-0.9118,"at least eight palestinians, including three children, have been killed in two israeli strikes in the gaza strip, according to medics and first responders. five died when an israeli drone struck a group near a mosque in the northern town of beit lahia on wednesday evening. local journalists identified them as abdullah al-abed, 9, salah al-abed, 12, mohammed balousha, 14, alaa balousha, 46, and anas abu foul, 19. in a statement, the israeli military said it had targeted what it called ""a terroris",business,0.17617886,False
130,https://www.bbc.com/news/articles/cy81ljrd445o?at_medium=RSS&at_campaign=rss,"Thu, 23 Apr 2026 15:11:03 GMT","US-Kuwaiti journalist held in Kuwait over social media posts acquitted, lawyers say","An American-Kuwaiti journalist who was detained by authorities in Kuwait last month after he re-posted videos and images related to the US-Israeli war with Iran, has been acquitted, according to his international legal team. Ahmed Shihab-Eldin was understood to have been charged with spreading false information, harming national security and misusing his mobile phone. On Thursday, London-based barrister Caoilfhionn Gallagher KC said Shihab-Eldin had been found innocent of all charges and was exp",['KC'],-0.7783,"an american-kuwaiti journalist who was detained by authorities in kuwait last month after he re-posted videos and images related to the us-israeli war with iran, has been acquitted, according to his international legal team. ahmed shihab-eldin was understood to have been charged with spreading false information, harming national security and misusing his mobile phone. on thursday, london-based barrister caoilfhionn gallagher kc said shihab-eldin had been found innocent of all charges and was exp",sport,0.14160563,False
131,https://www.bbc.com/news/articles/c5yvn036evlo?at_medium=RSS&at_campaign=rss,"Thu, 23 Apr 2026 04:25:30 GMT",Lebanon accuses Israel of targeting journalist killed in air strike,"Lebanon's prime minister has accused Israel of war crimes after Israeli air strikes killed one journalist and wounded another in southern Lebanon on Wednesday.  The strike killed Amal Khalil, who worked for a Lebanese newspaper, and injured freelance photographer Zeinab Faraj. Officials in Lebanon say they were deliberately targeted as they sought shelter in a home after an initial air strike hit the vehicle in front of them, killing two men. The officials also accused the Israel Defense Forces ",['the Israel Defense Forces'],-0.9781,"lebanon's prime minister has accused israel of war crimes after israeli air strikes killed one journalist and wounded another in southern lebanon on wednesday.  the strike killed amal khalil, who worked for a lebanese newspaper, and injured freelance photographer zeinab faraj. officials in lebanon say they were deliberately targeted as they sought shelter in a home after an initial air strike hit the vehicle in front of them, killing two men. the officials also accused the israel defense forces",sport,0.27661905,False
132,https://www.bbc.com/news/articles/c3w3vqv0edpo?at_medium=RSS&at_campaign=rss,"Thu, 23 Apr 2026 01:09:19 GMT",Iran says Strait of Hormuz cannot be opened due to ceasefire breaches,"Iran's chief negotiator in talks with the US said it is ""not possible"" for the Strait of Hormuz to be opened due to ""the blatant violations of the ceasefire"" by the US and Israel. In a post on X on Wednesday, Mohammad Bagher Ghalibaf, said the ""violations"" include the US naval blockade of Iranian ports - which he said amounted to taking the global economy ""hostage"" - and ""warmongering"" by Israel ""on all fronts"". Iran remains open to negotiations, said Iran President Masoud Pezeshkian, but he  ad",[],-0.296,"iran's chief negotiator in talks with the us said it is ""not possible"" for the strait of hormuz to be opened due to ""the blatant violations of the ceasefire"" by the us and israel. in a post on x on wednesday, mohammad bagher ghalibaf, said the ""violations"" include the us naval blockade of iranian ports - which he said amounted to taking the global economy ""hostage"" - and ""warmongering"" by israel ""on all fronts"". iran remains open to negotiations, said iran president masoud pezeshkian, but he  ad",business,0.21536729,False
133,https://www.bbc.com/news/videos/c1l93gg7zmno?at_medium=RSS&at_campaign=rss,"Wed, 22 Apr 2026 20:12:03 GMT",Tracking ships under fire in the Strait of Hormuz,More on this story. Copyright 2026 BBC. All rights reserved. The BBC is not responsible for the content of external sites. Read about our approach to external linking.  ,['BBC'],-0.2411,more on this story. copyright 2026 bbc. all rights reserved. the bbc is not responsible for the content of external sites. read about our approach to external linking.,entertainment,0.17368384,False
134,https://www.bbc.com/news/articles/cwy32277e58o?at_medium=RSS&at_campaign=rss,"Fri, 24 Apr 2026 07:01:36 GMT",What we know about the Israel-Lebanon ceasefire,"US President Donald Trump announced on 16 April that the leaders of Israel and Lebanon have agreed to a 10-day ceasefire, which took effect on the same day. Trump urged Hezbollah, the Iran-backed militant group in Lebanon which has been exchanging fire with Israel for the past six weeks, to abide by the ceasefire, saying he hoped it ""acts nicely and well during this important period of time"". On Thursday, he announced the truce would be extended by three weeks after fresh talks between the count",['Hezbollah'],0.8555,"us president donald trump announced on 16 april that the leaders of israel and lebanon have agreed to a 10-day ceasefire, which took effect on the same day. trump urged hezbollah, the iran-backed militant group in lebanon which has been exchanging fire with israel for the past six weeks, to abide by the ceasefire, saying he hoped it ""acts nicely and well during this important period of time"". on thursday, he announced the truce would be extended by three weeks after fresh talks between the count",business,0.14302845,False
135,https://www.bbc.com/news/articles/cdrm8k7lzmko?at_medium=RSS&at_campaign=rss,"Thu, 23 Apr 2026 11:26:01 GMT","In Tehran, money is short and a return to war looms over daily life","On a bright Tehran spring day, Sanaei Ghaznavi street, with its mix of shops selling groceries and household goods alongside fast food and flowers, seems like an everyday place. In a country where lives have long been buffeted by crises, it is a snapshot of a people just trying to get through the day while their future hangs on forces beyond their control. For Mohammad, in t-shirt and jeans, even cranking open the striped awning of his family's shoe shop is an act of hope. ""It makes me happy to ",[],0.9001,"on a bright tehran spring day, sanaei ghaznavi street, with its mix of shops selling groceries and household goods alongside fast food and flowers, seems like an everyday place. in a country where lives have long been buffeted by crises, it is a snapshot of a people just trying to get through the day while their future hangs on forces beyond their control. for mohammad, in t-shirt and jeans, even cranking open the striped awning of his family's shoe shop is an act of hope. ""it makes me happy to",sport,0.3144156,False
136,https://www.bbc.com/news/articles/c0q9xq7knq2o?at_medium=RSS&at_campaign=rss,"Wed, 22 Apr 2026 16:19:36 GMT",US and Iran in blockade standoff as Pakistan pushes for talks,"Courtesy of last night's Truth Social post from US President Donald Trump, the ceasefire between Iran, the US and Israel which was due to expire on Wednesday does at least persist. Instead of fighting, we have a ""war of blockades"" over the Strait of Hormuz, with both sides using force to intercept and seize commercial vessels. The mood out in one of the world's most important waterways is combustible. It would be unwise to bet against events spiralling out of control. In the meantime, Islamabad ",['Truth Social'],-0.1298,"courtesy of last night's truth social post from us president donald trump, the ceasefire between iran, the us and israel which was due to expire on wednesday does at least persist. instead of fighting, we have a ""war of blockades"" over the strait of hormuz, with both sides using force to intercept and seize commercial vessels. the mood out in one of the world's most important waterways is combustible. it would be unwise to bet against events spiralling out of control. in the meantime, islamabad",business,0.40548727,True
137,https://www.bbc.com/news/articles/cvg4yr90jr2o?at_medium=RSS&at_campaign=rss,"Wed, 22 Apr 2026 00:32:10 GMT",Trump buys time for Iran deal after frantic day of diplomacy,"Tuesday began as a frantic day of diplomacy in Washington, with Air Force Two  ready to fly Vice President JD Vance to Islamabad for another round of peace talks between the US and Iran. Several hours later, Air Force Two hadn't taken off and the negotiations were postponed. President Donald Trump announced that he would extend the ceasefire with Iran, set to expire on Wednesday evening, to allow the regime more time to create a ""unified proposal"" to end the war. In between, Trump weighed his op",['Air Force Two'],0.6077,"tuesday began as a frantic day of diplomacy in washington, with air force two  ready to fly vice president jd vance to islamabad for another round of peace talks between the us and iran. several hours later, air force two hadn't taken off and the negotiations were postponed. president donald trump announced that he would extend the ceasefire with iran, set to expire on wednesday evening, to allow the regime more time to create a ""unified proposal"" to end the war. in between, trump weighed his op",business,0.16002116,False
138,https://www.bbc.com/news/articles/c5yv6xr6me3o?at_medium=RSS&at_campaign=rss,"Mon, 20 Apr 2026 06:46:03 GMT",Why and how is US blockading Iranian ports in Strait of Hormuz?,"The US has attacked and seized an Iranian-flagged cargo ship trying to get past its blockade of Iran's ports, President Trump says.  The ship, called the Touska, was intercepted in the Gulf of Oman. Earlier this month, US forces announced they would intercept or turn back vessels travelling to or from Iran's coast. Washington said ships coming or going from elsewhere would be allowed to pass through the Strait of Hormuz, a critical waterway off Iran's coast that Tehran effectively closed in resp",['Washington'],-0.34,"the us has attacked and seized an iranian-flagged cargo ship trying to get past its blockade of iran's ports, president trump says.  the ship, called the touska, was intercepted in the gulf of oman. earlier this month, us forces announced they would intercept or turn back vessels travelling to or from iran's coast. washington said ships coming or going from elsewhere would be allowed to pass through the strait of hormuz, a critical waterway off iran's coast that tehran effectively closed in resp",business,0.21279149,False
139,https://www.bbc.com/news/articles/c9vl37eev7ko?at_medium=RSS&at_campaign=rss,"Sat, 18 Apr 2026 05:00:15 GMT",What people in power think the impact of the Iran war will be,"The two centres of this crisis are the 24-mile Strait of Hormuz south of Iran and 7,000 miles away in the White House.  This week was the unique opportunity for the rest of the world to make its economic case to US President Donald Trump's administration directly at the Spring meeting of the International Monetary Fund (IMF) and World Bank – taking place in Washington DC just down the road from the White House. The sense I got speaking to the majority of G7 finance ministers, some central banker","['the International Monetary Fund', 'World Bank', 'the White House']",-0.4723,"the two centres of this crisis are the 24-mile strait of hormuz south of iran and 7,000 miles away in the white house.  this week was the unique opportunity for the rest of the world to make its economic case to us president donald trump's administration directly at the spring meeting of the international monetary fund (imf) and world bank – taking place in washington dc just down the road from the white house. the sense i got speaking to the majority of g7 finance ministers, some central banker",business,0.21317291,False
140,https://www.bbc.com/news/articles/c0mjynzvw94o?at_medium=RSS&at_campaign=rss,"Fri, 17 Apr 2026 19:59:30 GMT",A moment of risk and opportunity: How two ceasefires could boost US-Iran talks,"With not one, but two ceasefires in place across the Middle East, is the scene now set for a pair of historic breakthroughs? The ceasefires - in Iran and Lebanon - are both described as ""shaky"" (ceasefires generally are), but as the din of war fades away once more, this is a moment pregnant with opportunity. And risk. On the face of it, Thursday night's announcement of a 10-day pause in the fighting between Israel and the Iranian-backed militia Hezbollah, is a win for Iran. The regime in Tehran ",['Hezbollah'],-0.3291,"with not one, but two ceasefires in place across the middle east, is the scene now set for a pair of historic breakthroughs? the ceasefires - in iran and lebanon - are both described as ""shaky"" (ceasefires generally are), but as the din of war fades away once more, this is a moment pregnant with opportunity. and risk. on the face of it, thursday night's announcement of a 10-day pause in the fighting between israel and the iranian-backed militia hezbollah, is a win for iran. the regime in tehran",business,0.30480236,False
141,https://www.bbc.com/news/articles/crm10w4ynj1o?at_medium=RSS&at_campaign=rss,"Fri, 17 Apr 2026 14:31:51 GMT","Ceasefire with Israel brings respite to Lebanon, but obstacles to peace remain","At the stroke of midnight, gunfire and fireworks celebrated the start of the ceasefire in Beirut.  Throughout the morning, smiling crowds gathered along roads leading to Lebanon's south, the heartland of Hezbollah, playing revolutionary music and waving the group's yellow flag as they started their journey back to where they had been forced from by the war. This is, initially, a 10-day ceasefire after six weeks of a devastating conflict between Israel and Hezbollah, the Lebanese Shia Muslim mili",['Hezbollah'],-0.7184,"at the stroke of midnight, gunfire and fireworks celebrated the start of the ceasefire in beirut.  throughout the morning, smiling crowds gathered along roads leading to lebanon's south, the heartland of hezbollah, playing revolutionary music and waving the group's yellow flag as they started their journey back to where they had been forced from by the war. this is, initially, a 10-day ceasefire after six weeks of a devastating conflict between israel and hezbollah, the lebanese shia muslim mili",entertainment,0.21985729,False
142,https://www.bbc.com/news/articles/cje4pn575jgo?at_medium=RSS&at_campaign=rss,"Thu, 16 Apr 2026 22:55:59 GMT",Trump's Lebanon ceasefire takes Israel by surprise,"As news of the ceasefire spread through Israel's northern communities, sirens blared three times this evening warning of incoming rockets from Lebanon. In the sky above the northern city of Nahariya, Israel's air defence interceptors shot up to block them, triggering loud explosions. Ambulance crews said at least three people were wounded by shrapnel in the hours before the ceasefire took effect, including two seriously. On the ground here – and across the country – there's scepticism about why ",['Nahariya'],-0.7506,"as news of the ceasefire spread through israel's northern communities, sirens blared three times this evening warning of incoming rockets from lebanon. in the sky above the northern city of nahariya, israel's air defence interceptors shot up to block them, triggering loud explosions. ambulance crews said at least three people were wounded by shrapnel in the hours before the ceasefire took effect, including two seriously. on the ground here – and across the country – there's scepticism about why",business,0.25259376,False
143,https://www.bbc.com/news/articles/c4g44gj7rgno?at_medium=RSS&at_campaign=rss,"Wed, 15 Apr 2026 21:10:14 GMT","Lyse Doucet: Under fragile ceasefire, Iranians wonder if US deal can be done","On the plains of northwestern Iran, edged by snow-ribboned ridges, spring nudges almond trees into frothy bloom and a fragile ceasefire brings more traffic onto highways, and more Iranians back to their homeland. ""I stayed with my son in Turkey for a month,"" a grey-haired banker says as we stand waiting in the departures hall at a Turkish crossing where a late winter's snow has sent temperatures plunging on that side of the border. ""In my city in the north the Israeli and American airstrikes mai",[],0.0,"on the plains of northwestern iran, edged by snow-ribboned ridges, spring nudges almond trees into frothy bloom and a fragile ceasefire brings more traffic onto highways, and more iranians back to their homeland. ""i stayed with my son in turkey for a month,"" a grey-haired banker says as we stand waiting in the departures hall at a turkish crossing where a late winter's snow has sent temperatures plunging on that side of the border. ""in my city in the north the israeli and american airstrikes mai",sport,0.23597573,False
144,https://www.bbc.com/news/articles/clyxgxyeqpgo?at_medium=RSS&at_campaign=rss,"Mon, 13 Apr 2026 19:20:08 GMT","Israelis war-weary but most oppose Iran ceasefire, poll suggests","Standing next to the blown-out windows and cracked walls of her apartment in Tel Aviv, Liat Zvi voices an exasperation many Israelis say they feel. ""It's depressing… we've been in war for two and a half years and this just feels like another round,"" she sighs. Six weeks ago, her central neighbourhood was among the many locations where Tehran delivered its response to US-Israeli attacks. An Iranian missile evaded Israel's multi-tiered air defence and smashed into a residential building, killing 3",['Liat Zvi'],-0.8519,"standing next to the blown-out windows and cracked walls of her apartment in tel aviv, liat zvi voices an exasperation many israelis say they feel. ""it's depressing… we've been in war for two and a half years and this just feels like another round,"" she sighs. six weeks ago, her central neighbourhood was among the many locations where tehran delivered its response to us-israeli attacks. an iranian missile evaded israel's multi-tiered air defence and smashed into a residential building, killing 3",sport,0.2513955,False
145,https://www.bbc.com/news/articles/ckgw8w7mzxgo?at_medium=RSS&at_campaign=rss,"Mon, 13 Apr 2026 15:27:43 GMT",The US blockade of Iran is a gamble. Will it work?,"There's no doubt the US military has the capability to mount a blockade of vessels moving in and out of the Gulf. The question is: to what end? ""I do think it's doable,"" retired US Rear Admiral Mark Montgomery told the BBC this morning. ""And it's certainly less risky than the alternative, which would have been to forcibly push back the Iranians and create the conditions for a convoy."" Some of the options floated by President Trump in recent weeks – the seizure of Kharg Island or militarily escor","['BBC', 'US Rear']",0.1513,"there's no doubt the us military has the capability to mount a blockade of vessels moving in and out of the gulf. the question is: to what end? ""i do think it's doable,"" retired us rear admiral mark montgomery told the bbc this morning. ""and it's certainly less risky than the alternative, which would have been to forcibly push back the iranians and create the conditions for a convoy."" some of the options floated by president trump in recent weeks – the seizure of kharg island or militarily escor",business,0.20768872,False
146,https://www.bbc.com/news/articles/c5y943x2g8qo?at_medium=RSS&at_campaign=rss,"Sun, 12 Apr 2026 12:48:01 GMT","After Iran talks falter, the big question is what happens next?","Twenty-one hours was not enough to end 47 years of hostility between Iran and the US. The historic high-level talks in Islamabad, during a pause in weeks of grievous war, were always unlikely to end any other way. Calling this marathon negotiating session a failure belies the scale of the challenge in narrowing wide gaps on complex issues ranging from age-old suspicion about Iran's nuclear programme to new challenges this war has thrown up - most of all Iran's control of the strategic Strait of ",[],-0.9618,"twenty-one hours was not enough to end 47 years of hostility between iran and the us. the historic high-level talks in islamabad, during a pause in weeks of grievous war, were always unlikely to end any other way. calling this marathon negotiating session a failure belies the scale of the challenge in narrowing wide gaps on complex issues ranging from age-old suspicion about iran's nuclear programme to new challenges this war has thrown up - most of all iran's control of the strategic strait of",business,0.14781734,False
147,https://www.bbc.com/news/articles/c8dl5mly2rzo?at_medium=RSS&at_campaign=rss,"Sun, 12 Apr 2026 22:57:22 GMT",Trump's blockade threat raises risks and leaves predicaments unchanged,"After a diplomatic team led by US Vice-President JD Vance tried, and failed, to reach a negotiated agreement to end the war with Iran on Saturday, President Donald Trump had to decide his next move. That came on Sunday morning, in a series of Truth Social posts. The US will impose a naval blockade of Iran, he wrote. ""No one who pays an illegal toll will have safe passage on the high seas,"" he wrote. He also said that the US would continue clearing mines from the Strait of Hormuz to ensure a safe",['Truth Social'],-0.296,"after a diplomatic team led by us vice-president jd vance tried, and failed, to reach a negotiated agreement to end the war with iran on saturday, president donald trump had to decide his next move. that came on sunday morning, in a series of truth social posts. the us will impose a naval blockade of iran, he wrote. ""no one who pays an illegal toll will have safe passage on the high seas,"" he wrote. he also said that the us would continue clearing mines from the strait of hormuz to ensure a safe",business,0.22855985,False
148,https://www.bbc.com/news/videos/cr71g8p2e9eo?at_medium=RSS&at_campaign=rss,"Sat, 25 Apr 2026 16:35:14 GMT",Hope in Gaza as 300 couples get married at one time,"Crowds gathered in Gaza as 300 couples got together for a joint wedding celebration, the largest mass wedding in the region to date.  The event in Deir al-Balah saw couples selected from a draw of nearly 2,000 people.  The weddings were funded by the Khalifa bin Zayed Al Nahyan Foundation, as part of the United Arab Emirate's Operation Gallant Knight 3, which is a humanitarian initiative to provide support to Palestinians in Gaza.  One of the brides, Thekra al-Masri, told the BBC how the celebra","['BBC', ""the United Arab Emirate's""]",0.802,"crowds gathered in gaza as 300 couples got together for a joint wedding celebration, the largest mass wedding in the region to date.  the event in deir al-balah saw couples selected from a draw of nearly 2,000 people.  the weddings were funded by the khalifa bin zayed al nahyan foundation, as part of the united arab emirate's operation gallant knight 3, which is a humanitarian initiative to provide support to palestinians in gaza.  one of the brides, thekra al-masri, told the bbc how the celebra",business,0.12209123,False
149,https://www.bbc.com/news/videos/c239d3e0l10o?at_medium=RSS&at_campaign=rss,"Fri, 24 Apr 2026 09:22:14 GMT",Masked Iranian forces seized ships in staged video,More on this story. Copyright 2026 BBC. All rights reserved. The BBC is not responsible for the content of external sites. Read about our approach to external linking.  ,['BBC'],-0.2411,more on this story. copyright 2026 bbc. all rights reserved. the bbc is not responsible for the content of external sites. read about our approach to external linking.,entertainment,0.17368384,False
150,https://www.bbc.com/news/videos/cj37dj76njno?at_medium=RSS&at_campaign=rss,"Tue, 21 Apr 2026 14:12:59 GMT",'Nothing to go back to' - BBC reports from Lebanon's 'Yellow Line',More on this story. Copyright 2026 BBC. All rights reserved. The BBC is not responsible for the content of external sites. Read about our approach to external linking.  ,['BBC'],-0.2411,more on this story. copyright 2026 bbc. all rights reserved. the bbc is not responsible for the content of external sites. read about our approach to external linking.,entertainment,0.17368384,False
151,https://www.bbc.com/news/articles/c3exel4p1yqo?at_medium=RSS&at_campaign=rss,"Mon, 27 Apr 2026 18:44:10 GMT","European flight prices are falling in short term, Wizz Air boss says","European flight prices are falling as airlines try to overcome customer ""hesitancy"" over the economic hit from the US-Israel war with Iran, Wizz Air's chief executive has said. József Váradi said European airlines can make price cuts in the ""short term"" because they have bought fuel at a price set before the war began. His comments contrast with many airlines who have said they are raising prices or cutting flights due to surging jet fuel costs caused by the conflict. Meanwhile, Spain's industry",[],-0.9246,"european flight prices are falling as airlines try to overcome customer ""hesitancy"" over the economic hit from the us-israel war with iran, wizz air's chief executive has said. józsef váradi said european airlines can make price cuts in the ""short term"" because they have bought fuel at a price set before the war began. his comments contrast with many airlines who have said they are raising prices or cutting flights due to surging jet fuel costs caused by the conflict. meanwhile, spain's industry",business,0.23342828,False
152,https://www.bbc.com/news/articles/ce3p1nrz5qqo?at_medium=RSS&at_campaign=rss,"Tue, 28 Apr 2026 06:17:03 GMT",Prada launches Indian-made sandals after cultural appropriation backlash,"Italian luxury brand Prada has launched a limited-edition line of sandals inspired by India's traditional Kolhapuri sandals, nearly a year after it faced criticism over cultural appropriation. The company said the new sandals, reportedly priced at €750 ($881; £650) a pair, have been manufactured in India by artisans from the states of Maharashtra and Karnataka, where the sandals are traditionally made. Prada faced backlash last June after it presented similar designs at a Milan fashion show with",['Prada'],0.2023,"italian luxury brand prada has launched a limited-edition line of sandals inspired by india's traditional kolhapuri sandals, nearly a year after it faced criticism over cultural appropriation. the company said the new sandals, reportedly priced at €750 ($881; £650) a pair, have been manufactured in india by artisans from the states of maharashtra and karnataka, where the sandals are traditionally made. prada faced backlash last june after it presented similar designs at a milan fashion show with",business,0.08117009,False
153,https://www.bbc.com/news/articles/c8dldv4lqygo?at_medium=RSS&at_campaign=rss,"Mon, 27 Apr 2026 16:48:46 GMT",Greggs removes cabinets in shoplifting hotspots,"Greggs is removing display cabinets in its London stores that have been most severely hit by shoplifters. Branches in Croydon, Peckham, Whitechapel and Upton Park are testing the new format, with trials also under way in Birmingham and Wilford in Nottinghamshire. The move follows official figures showing shoplifting offences in England and Wales topped half a million last year - a year-on-year increase of about 20% - prompting concern across the High Street. Prime Minister Sir Keir Starmer has d",[],-0.5256,"greggs is removing display cabinets in its london stores that have been most severely hit by shoplifters. branches in croydon, peckham, whitechapel and upton park are testing the new format, with trials also under way in birmingham and wilford in nottinghamshire. the move follows official figures showing shoplifting offences in england and wales topped half a million last year - a year-on-year increase of about 20% - prompting concern across the high street. prime minister sir keir starmer has d",business,0.12199814,False
154,https://www.bbc.com/news/articles/cly7yevvl2wo?at_medium=RSS&at_campaign=rss,"Mon, 27 Apr 2026 16:25:51 GMT",Superdry co-founder accused of raping woman,"The co-founder of clothing company Superdry raped a woman after a night out drinking, a court has been told. James Holder, 54, went back to the woman's home after a night out in Cheltenham, Gloucestershire in 2022 and then fell asleep on her bed. Gloucester Crown Court, sitting in Cirencester, was told the fashion boss then woke up, beckoned the woman, who was trying to sleep in the lounge, into her bedroom and raped her. Holder, from Cheltenham, denies charges of rape and assault by penetration","['Gloucester Crown Court', 'Holder']",-0.9738,"the co-founder of clothing company superdry raped a woman after a night out drinking, a court has been told. james holder, 54, went back to the woman's home after a night out in cheltenham, gloucestershire in 2022 and then fell asleep on her bed. gloucester crown court, sitting in cirencester, was told the fashion boss then woke up, beckoned the woman, who was trying to sleep in the lounge, into her bedroom and raped her. holder, from cheltenham, denies charges of rape and assault by penetration",entertainment,0.087907225,False
155,https://www.bbc.com/news/articles/c15d57pv925o?at_medium=RSS&at_campaign=rss,"Mon, 27 Apr 2026 20:30:52 GMT",Oil prices rise as US-Iran peace talks stall,"Oil prices have risen after plans for a second round of peace talks between the US and Iran stalled again. Brent crude, the global benchmark for oil prices, rose over 3% to over $109 (£80) a barrel on Monday before falling back slightly. US President Donald Trump said on Saturday that Washington had cancelled plans to send a team to Pakistan for negotiations with their Iranian counterparts. Global energy supplies have been under intense pressure since the start of the Iran war as the crucial Str",['Str'],-0.8074,"oil prices have risen after plans for a second round of peace talks between the us and iran stalled again. brent crude, the global benchmark for oil prices, rose over 3% to over $109 (£80) a barrel on monday before falling back slightly. us president donald trump said on saturday that washington had cancelled plans to send a team to pakistan for negotiations with their iranian counterparts. global energy supplies have been under intense pressure since the start of the iran war as the crucial str",business,0.33940408,False
156,https://www.bbc.com/news/articles/c8dl3z9878no?at_medium=RSS&at_campaign=rss,"Mon, 27 Apr 2026 06:44:54 GMT",Less bread and WFH Fridays – what Pret boss knows about our habits,"From cutting back on bread to working from home on Fridays, the boss of sandwich chain Pret A Manger has learnt quite a lot about our habits. We are apparently increasingly on the hunt for green leaves, slowly venturing into the office more, and occasionally treating ourselves to larger, more expensive protein and fibre-packed options as we prioritise health, human connection and flexibility. Cutting across our changing lunch and commuting habits is an overriding desire for good value, Pano Chri",[],0.8126,"from cutting back on bread to working from home on fridays, the boss of sandwich chain pret a manger has learnt quite a lot about our habits. we are apparently increasingly on the hunt for green leaves, slowly venturing into the office more, and occasionally treating ourselves to larger, more expensive protein and fibre-packed options as we prioritise health, human connection and flexibility. cutting across our changing lunch and commuting habits is an overriding desire for good value, pano chri",sport,0.30917153,False
157,https://www.bbc.com/news/articles/ckg9q2g88nzo?at_medium=RSS&at_campaign=rss,"Mon, 27 Apr 2026 04:55:34 GMT",'I don't want the children to see how worried we are': UK family finances hit by Iran war,"Before the US-Israel war with Iran, Naomi did not think twice about filling up the family van for her young daughter's regular hospital trips. But not any more. Fuel prices have surged since the war began, driving up the cost of taking 10-year-old Riziah - who was born with complex medical conditions - to hospital for vital care more than 30 miles away in Liverpool. What was once a routine expense, is now forcing the family to cut back elsewhere just to cope. ""I don't want the children to see ho",['Naomi'],-0.5695,"before the us-israel war with iran, naomi did not think twice about filling up the family van for her young daughter's regular hospital trips. but not any more. fuel prices have surged since the war began, driving up the cost of taking 10-year-old riziah - who was born with complex medical conditions - to hospital for vital care more than 30 miles away in liverpool. what was once a routine expense, is now forcing the family to cut back elsewhere just to cope. ""i don't want the children to see ho",sport,0.24281217,False
158,https://www.bbc.com/news/articles/cj0v0gr2yz7o?at_medium=RSS&at_campaign=rss,"Mon, 27 Apr 2026 12:21:42 GMT",China blocks Meta's $2bn acquisition of AI start-up Manus,"Facebook-owner Meta's acquisition of AI start-up Manus has been blocked by Chinese regulators. Announced in late December, Meta said the deal - estimated to be worth around $2bn (£1.48bn) at the time - would see Manus' agents used to boost to its own AI across its platforms. But reports on Monday said Beijing's National Development and Reform Commission had prohibited foreign investment in the deal, requiring ""the parties involved to withdraw the acquisition transaction"". A Meta spokesperson tol","['National Development and Reform Commission', 'Meta']",0.6486,"facebook-owner meta's acquisition of ai start-up manus has been blocked by chinese regulators. announced in late december, meta said the deal - estimated to be worth around $2bn (£1.48bn) at the time - would see manus' agents used to boost to its own ai across its platforms. but reports on monday said beijing's national development and reform commission had prohibited foreign investment in the deal, requiring ""the parties involved to withdraw the acquisition transaction"". a meta spokesperson tol",business,0.18640824,False
159,https://www.bbc.com/news/articles/cm29m98md2do?at_medium=RSS&at_campaign=rss,"Sun, 26 Apr 2026 13:58:54 GMT","Higher prices could last for eight months after Iran war, minister says","People in the UK could face higher energy, food and flight ticket prices for at least eight months following the end of the US-Israel war with Iran, a senior minister has said. Darren Jones, chief secretary to the prime minister, told the BBC the government was ""looking at all of those things"" as it stepped up plans to offset potential food and fuel shortages caused by the war. Energy production and transportation across the Middle East has slowed or stopped entirely due to the conflict, causing",['BBC'],-0.8555,"people in the uk could face higher energy, food and flight ticket prices for at least eight months following the end of the us-israel war with iran, a senior minister has said. darren jones, chief secretary to the prime minister, told the bbc the government was ""looking at all of those things"" as it stepped up plans to offset potential food and fuel shortages caused by the war. energy production and transportation across the middle east has slowed or stopped entirely due to the conflict, causing",business,0.24063948,False
160,https://www.bbc.com/news/articles/c75kp1y43lgo?at_medium=RSS&at_campaign=rss,"Fri, 24 Apr 2026 09:03:21 GMT","Stock markets are too high and set to fall, says Bank of England deputy","The Bank of England expects stock markets around the world to fall as share prices do not reflect the many risks facing the global economy, its deputy governor has told the BBC. Sarah Breeden said: ""There's a lot of risk out there and yet asset prices are at all-time highs. We expect there will be an adjustment at some point."" It is unusual for a senior figure at the Bank to be so forthright on market movements.  Breeden, who is also the Bank's head of financial stability, declined to say when s","['BBC', 'The Bank of England', 'Bank']",0.128,"the bank of england expects stock markets around the world to fall as share prices do not reflect the many risks facing the global economy, its deputy governor has told the bbc. sarah breeden said: ""there's a lot of risk out there and yet asset prices are at all-time highs. we expect there will be an adjustment at some point."" it is unusual for a senior figure at the bank to be so forthright on market movements.  breeden, who is also the bank's head of financial stability, declined to say when s",business,0.17308624,False
161,https://www.bbc.com/news/articles/cdxd1v0028vo?at_medium=RSS&at_campaign=rss,"Fri, 24 Apr 2026 19:10:25 GMT",US justice department drops probe into Fed chairman Jerome Powell,"The US justice department is dropping its investigation into the Federal Reserve chairman, Jerome Powell, over alleged building cost overruns. US Attorney Jeanine Pirro said instead there would be an internal investigation led by the central bank's inspector general. President Donald Trump has said the cost of the Fed's building renovations were too high, as part of a long-standing feud with Powell. Powell's term is nearing its end and the US Senate is considering Trump's nominee for his replace","['Trump', 'Federal Reserve', ""the central bank's"", 'Fed', 'the US Senate']",0.25,"the us justice department is dropping its investigation into the federal reserve chairman, jerome powell, over alleged building cost overruns. us attorney jeanine pirro said instead there would be an internal investigation led by the central bank's inspector general. president donald trump has said the cost of the fed's building renovations were too high, as part of a long-standing feud with powell. powell's term is nearing its end and the us senate is considering trump's nominee for his replace",business,0.17092818,False
162,https://www.bbc.com/news/articles/c33zdz2m1e2o?at_medium=RSS&at_campaign=rss,"Fri, 24 Apr 2026 09:39:48 GMT",How does it affect me if share prices fall?,"The deputy governor of the Bank of England is the latest high-profile figure to question whether share prices are illogically high. Sarah Breedon said she expected share prices to fall to reflect the many risks facing the global economy. As companies grow, they may issue shares. Many of the largest companies in the UK have shares which are bought and sold on the London Stock Exchange. Their collective performance is often quoted amid a blizzard of numbers that may feel confusing and irrelevant. ","['the London Stock Exchange', 'the Bank of England']",0.5859,"the deputy governor of the bank of england is the latest high-profile figure to question whether share prices are illogically high. sarah breedon said she expected share prices to fall to reflect the many risks facing the global economy. as companies grow, they may issue shares. many of the largest companies in the uk have shares which are bought and sold on the london stock exchange. their collective performance is often quoted amid a blizzard of numbers that may feel confusing and irrelevant.",business,0.20599622,False
163,https://www.bbc.com/news/articles/cpqxgxx9nrqo?at_medium=RSS&at_campaign=rss,"Fri, 24 Apr 2026 00:58:58 GMT",White House memo claims mass AI theft by Chinese firms,"The White House has said it will work more closely with US artificial intelligence (AI) firms to combat ""industrial-scale campaigns"" by foreign actors to steal advances in the technology. Michael Kratsios, Director of Science and Technology Policy, wrote in an internal memo that the administration had new information indicating ""foreign entities, principally based in China"" were exploiting American firms. Through a process called ""distilling"", such firms are essentially copying AI technology dev","['Science and Technology Policy', 'The White House', 'AI']",-0.6597,"the white house has said it will work more closely with us artificial intelligence (ai) firms to combat ""industrial-scale campaigns"" by foreign actors to steal advances in the technology. michael kratsios, director of science and technology policy, wrote in an internal memo that the administration had new information indicating ""foreign entities, principally based in china"" were exploiting american firms. through a process called ""distilling"", such firms are essentially copying ai technology dev",business,0.2187894,False
164,https://www.bbc.com/news/articles/cr41yel6v4eo?at_medium=RSS&at_campaign=rss,"Mon, 27 Apr 2026 14:43:04 GMT",Which airlines are cancelling flights to the UK - and what can you do?,"The price of flights has been rising since the start of the conflict in the Middle East, a worry for anyone planning a summer holiday.   Some airlines are also cutting back the number of flights they are operating, which could mean travellers facing changes to their plans. Many airlines that serve the UK have said they plan to operate fewer flights. They include: The following companies have said they don't plan to change their schedules: While some airlines have cut back on the number of flight",[],-0.5423,"the price of flights has been rising since the start of the conflict in the middle east, a worry for anyone planning a summer holiday.   some airlines are also cutting back the number of flights they are operating, which could mean travellers facing changes to their plans. many airlines that serve the uk have said they plan to operate fewer flights. they include: the following companies have said they don't plan to change their schedules: while some airlines have cut back on the number of flight",business,0.24789129,False
165,https://www.bbc.com/news/articles/c20832yg5p2o?at_medium=RSS&at_campaign=rss,"Fri, 24 Apr 2026 00:21:32 GMT","US soldier charged after winning $400,000 betting on removal of Maduro","A US special forces soldier involved in the military operation that captured Nicolas Maduro has been arrested after he allegedly bet on the removal of Venezuela's former leader before the information was publicly available.  The US Department of Justice (DOJ) has charged Gannon Ken Van Dyke after he allegedly made trades on Polymarket, a crypto-powered platform, on the basis of classified information. ""That is clear insider trading and is illegal under federal law,"" justice department officials ",['The US Department of Justice'],0.5574,"a us special forces soldier involved in the military operation that captured nicolas maduro has been arrested after he allegedly bet on the removal of venezuela's former leader before the information was publicly available.  the us department of justice (doj) has charged gannon ken van dyke after he allegedly made trades on polymarket, a crypto-powered platform, on the basis of classified information. ""that is clear insider trading and is illegal under federal law,"" justice department officials",business,0.17713574,False
166,https://www.bbc.com/news/articles/crm1y89vek8o?at_medium=RSS&at_campaign=rss,"Fri, 24 Apr 2026 07:31:35 GMT",Meta to cut one in 10 jobs after spending billions on AI,"Meta will cut thousands of jobs next month as it spends more than ever on artificial intelligence (AI) projects. The company told employees in a memo on Thursday that it planned to cut 10% of its workforce - roughly 8,000 staff. It said it would also not fill thousands more open jobs it had been hiring for. A key reason for the layoffs is Meta's increased spending in other areas of the company, including AI, for which it will this year spend $135bn (£100bn). This is roughly equal to the amount i",['Meta'],0.25,"meta will cut thousands of jobs next month as it spends more than ever on artificial intelligence (ai) projects. the company told employees in a memo on thursday that it planned to cut 10% of its workforce - roughly 8,000 staff. it said it would also not fill thousands more open jobs it had been hiring for. a key reason for the layoffs is meta's increased spending in other areas of the company, including ai, for which it will this year spend $135bn (£100bn). this is roughly equal to the amount i",business,0.15558709,False
167,https://www.bbc.com/news/articles/cgj09ny0dq6o?at_medium=RSS&at_campaign=rss,"Thu, 23 Apr 2026 16:15:45 GMT",Warner Bros shareholders approve Paramount's $111bn takeover,"Warner Bros Discovery shareholders have approved the company's $111bn (£82bn) takeover by Paramount in a deal which could drastically alter the media landscape. The deal would see Paramount Skydance take control of all of Warner Bros' titles and channels, which include Harry Potter, Game of Thrones and news network CNN. ""With Paramount, we look forward to creating an exceptional combined company that will expand consumer choice and benefit the global creative talent community,"" Warner Bros chair","['Paramount', 'Warner Bros', ""Warner Bros'"", 'Warner Bros Discovery', 'CNN', 'Thrones', 'Paramount Skydance']",0.9325,"warner bros discovery shareholders have approved the company's $111bn (£82bn) takeover by paramount in a deal which could drastically alter the media landscape. the deal would see paramount skydance take control of all of warner bros' titles and channels, which include harry potter, game of thrones and news network cnn. ""with paramount, we look forward to creating an exceptional combined company that will expand consumer choice and benefit the global creative talent community,"" warner bros chair",business,0.14025873,False
168,https://www.bbc.com/news/articles/ckge5291152o?at_medium=RSS&at_campaign=rss,"Thu, 23 Apr 2026 11:37:59 GMT",UK borrowing lowest for three years but Iran war clouds outlook,"Annual UK government borrowing has fallen to a three-year low, but analysts do not expect the improvement to last because of the impact of the Iran war. Borrowing, the difference between spending and income from taxes, fell £19.8bn to  £132bn in the year to March, the Office for National Statistics (ONS) said, the lowest since 2022-23. The total was slightly below the £132.7bn that had been predicted by the government's independent forecaster, the Office for Budget Responsibility. However, analy","['the Office for Budget Responsibility', 'the Office for National Statistics', 'ONS']",-0.9357,"annual uk government borrowing has fallen to a three-year low, but analysts do not expect the improvement to last because of the impact of the iran war. borrowing, the difference between spending and income from taxes, fell £19.8bn to  £132bn in the year to march, the office for national statistics (ons) said, the lowest since 2022-23. the total was slightly below the £132.7bn that had been predicted by the government's independent forecaster, the office for budget responsibility. however, analy",business,0.18144505,False
169,https://www.bbc.com/news/articles/cd0r9d5zrkno?at_medium=RSS&at_campaign=rss,"Thu, 23 Apr 2026 10:05:49 GMT",Asos demands £7m from US as firms rush to claim tariff refunds,"Online fashion retailer Asos is seeking refunds from the US for the £7m worth of tariffs it paid in the first half of its financial year. In February, the US Supreme Court struck down the so-called ""Liberation Day"" tariffs Donald Trump imposed last year, saying the president had overstepped his powers, and paving the way for the biggest repayment programme in history. Asos said it had begun the process of pursuing refunds, which businesses have been able to do since Monday when an online portal ",['the US Supreme Court'],0.4939,"online fashion retailer asos is seeking refunds from the us for the £7m worth of tariffs it paid in the first half of its financial year. in february, the us supreme court struck down the so-called ""liberation day"" tariffs donald trump imposed last year, saying the president had overstepped his powers, and paving the way for the biggest repayment programme in history. asos said it had begun the process of pursuing refunds, which businesses have been able to do since monday when an online portal",business,0.19049701,False
170,https://www.bbc.com/news/articles/c0e7le127v5o?at_medium=RSS&at_campaign=rss,"Thu, 23 Apr 2026 23:50:01 GMT",From scientist to silk farmer: India's silk industry renewal,"Six years ago Dr Jolapuram Umamaheswari walked away from her career as a scientist in Singapore. ""When I came back to India, I was jobless but I wanted to be my own boss,"" she says. After some research she hit on silk farming, or sericulture. It involves feeding mulberry leaves to silkworms, harvesting their cocoons and extracting the silk fibres. ""Silk farming sits at a rare intersection of biology, precision, and business. It didn't feel like I was leaving science, it felt like I was applying ",[],-0.652,"six years ago dr jolapuram umamaheswari walked away from her career as a scientist in singapore. ""when i came back to india, i was jobless but i wanted to be my own boss,"" she says. after some research she hit on silk farming, or sericulture. it involves feeding mulberry leaves to silkworms, harvesting their cocoons and extracting the silk fibres. ""silk farming sits at a rare intersection of biology, precision, and business. it didn't feel like i was leaving science, it felt like i was applying",sport,0.28950328,False
171,https://www.bbc.com/news/articles/c23992zv9rko?at_medium=RSS&at_campaign=rss,"Wed, 22 Apr 2026 23:04:39 GMT",How a pivot to hair accessories led to business success,"""I tell people, 'I make food-themed accessories' and boom – they get it,"" says Jennie Lennick. For the San Francisco-based artist and entrepreneur that niche underpins a thriving retail business. The 39-year-old runs a small Californian accessories brand called Jenny Lemons. It is best known for its quirky, colourful hair claw clips, made from a plant-based alternative to conventional, petroleum plastic. She designs the products, selling them directly on her website, and wholesale to around 1,50",[],0.6369,"""i tell people, 'i make food-themed accessories' and boom – they get it,"" says jennie lennick. for the san francisco-based artist and entrepreneur that niche underpins a thriving retail business. the 39-year-old runs a small californian accessories brand called jenny lemons. it is best known for its quirky, colourful hair claw clips, made from a plant-based alternative to conventional, petroleum plastic. she designs the products, selling them directly on her website, and wholesale to around 1,50",business,0.108671896,False
172,https://www.bbc.com/news/articles/c20j5n2w4q6o?at_medium=RSS&at_campaign=rss,"Thu, 23 Apr 2026 15:54:27 GMT","What the Warner Bros deal could mean for streaming, cinemas and news","The takeover of Warner Bros by Paramount Skydance could significantly reshape Hollywood and the wider media landscape. It has received shareholder approval but is not yet a done deal - requiring the green light from regulators.  If it does go ahead, here's how it could shake up things for viewers. Paramount is planning to merge its Paramount+ service with Warner Bros' HBO Max to create what it hopes would be a must-have streaming service that can hold its own against competitors Netflix, Amazon ","['Paramount', 'Warner Bros', ""Warner Bros'"", 'Amazon', 'Paramount Skydance']",0.8126,"the takeover of warner bros by paramount skydance could significantly reshape hollywood and the wider media landscape. it has received shareholder approval but is not yet a done deal - requiring the green light from regulators.  if it does go ahead, here's how it could shake up things for viewers. paramount is planning to merge its paramount+ service with warner bros' hbo max to create what it hopes would be a must-have streaming service that can hold its own against competitors netflix, amazon",business,0.13326086,False
173,https://www.bbc.com/news/articles/c5yvm11xrn6o?at_medium=RSS&at_campaign=rss,"Mon, 20 Apr 2026 23:09:41 GMT",The 'dumb machine' promising a clean energy breakthrough,"""I remember a few people said that the place where Proxima is today was impossible,"" says Francesco Sciortino, the co-founder and CEO of Proxima Fusion. Being accused of attempting the impossible is not unusual for the scientists and engineers working on nuclear fusion projects around the world.  After all, they are attempting to capture, on Earth, the reaction that powers the Sun. Success could mean abundant, cheap and emission-free electricity. But the challenges are daunting and a working pow","['Proxima Fusion', 'Success']",0.296,"""i remember a few people said that the place where proxima is today was impossible,"" says francesco sciortino, the co-founder and ceo of proxima fusion. being accused of attempting the impossible is not unusual for the scientists and engineers working on nuclear fusion projects around the world.  after all, they are attempting to capture, on earth, the reaction that powers the sun. success could mean abundant, cheap and emission-free electricity. but the challenges are daunting and a working pow",tech,0.35707763,False
174,https://www.bbc.com/news/articles/c62kg63k8v6o?at_medium=RSS&at_campaign=rss,"Sun, 19 Apr 2026 23:02:11 GMT",Why your recycled clothes could end up in this South American desert,"If you have ever taken old clothes to a recycling bank, be it in the UK or North America, there is a real chance that the garments ended up illegally dumped in a desert in northern Chile. The South American country is one of the world's biggest importers of used clothing, but items that fail to be resold have for years been simply discarded in big piles out in the barren, bone-dry countryside. In response to a law change, one Chilean company is now moving to tackle the problem. Chile imports 123",[],-0.9144,"if you have ever taken old clothes to a recycling bank, be it in the uk or north america, there is a real chance that the garments ended up illegally dumped in a desert in northern chile. the south american country is one of the world's biggest importers of used clothing, but items that fail to be resold have for years been simply discarded in big piles out in the barren, bone-dry countryside. in response to a law change, one chilean company is now moving to tackle the problem. chile imports 123",business,0.27310866,False
175,https://www.bbc.com/news/articles/c1d907lq6nyo?at_medium=RSS&at_campaign=rss,"Thu, 16 Apr 2026 23:04:15 GMT",Could a digital twin make you into a 'superworker'?,"""Digital Richard"" is the AI twin Richard Skellett has been building for the past three years. Bound within the confines of a screen, Digital Richard looks largely two dimensional, but he's no ordinary chatbot. Digital Richard knows everything Skellett knows. He was built as a small language model which used ChatGPT to digest all of Richard's meetings, calls, documents, presentations and more. It was then refined to follow Skellett's way of thinking and problem solving. The end product is a text-",['Digital Richard'],-0.5023,"""digital richard"" is the ai twin richard skellett has been building for the past three years. bound within the confines of a screen, digital richard looks largely two dimensional, but he's no ordinary chatbot. digital richard knows everything skellett knows. he was built as a small language model which used chatgpt to digest all of richard's meetings, calls, documents, presentations and more. it was then refined to follow skellett's way of thinking and problem solving. the end product is a text-",tech,0.18364011,False
176,https://www.bbc.com/news/articles/cly0vk77vdko?at_medium=RSS&at_campaign=rss,"Wed, 15 Apr 2026 23:06:43 GMT",Back to books - Sweden's schools cutting back on digital learning,"Sweden's government is championing a renewed focus on physical books, paper and pens in classrooms, designed to reverse falling literacy levels. But doubling down on analogue tools has drawn criticism from tech companies, educators and computer scientists, who argue it could impact pupils' employment prospects, and even damage the Nordic nation's economy. At a high school in Nacka just outside Stockholm, final-year students are unpacking laptops from rucksacks and tote bags, alongside items they",[],-0.8338,"sweden's government is championing a renewed focus on physical books, paper and pens in classrooms, designed to reverse falling literacy levels. but doubling down on analogue tools has drawn criticism from tech companies, educators and computer scientists, who argue it could impact pupils' employment prospects, and even damage the nordic nation's economy. at a high school in nacka just outside stockholm, final-year students are unpacking laptops from rucksacks and tote bags, alongside items they",business,0.17733732,False
177,https://www.bbc.com/news/articles/c20q4nv89yzo?at_medium=RSS&at_campaign=rss,"Mon, 13 Apr 2026 23:35:56 GMT",Quantum computing: A tech race Europe could win?,"In a lab on the western edge of Paris, where the River Seine flows wide and trams slide past glass-fronted buildings and blossoming cherry trees, a technician called Rémi makes some adjustments with a spanner. The machine, a cascade of gold and silver-coloured cylinders descending through a cloud of wires, is a cryostat, its purpose: to create an ultra-cold environment. At the bottom of the cylinder temperatures are down to minus 273 degrees Celsius. At that temperature thermal vibrations are mi",['the River Seine'],0.2732,"in a lab on the western edge of paris, where the river seine flows wide and trams slide past glass-fronted buildings and blossoming cherry trees, a technician called rémi makes some adjustments with a spanner. the machine, a cascade of gold and silver-coloured cylinders descending through a cloud of wires, is a cryostat, its purpose: to create an ultra-cold environment. at the bottom of the cylinder temperatures are down to minus 273 degrees celsius. at that temperature thermal vibrations are mi",business,0.23896536,False
178,https://www.bbc.com/news/articles/cm2k8v027k0o?at_medium=RSS&at_campaign=rss,"Sun, 12 Apr 2026 23:20:52 GMT",The Dutch village at risk of being demolished,"In the south of the Netherlands, beside a wide estuary, a village of around 1,100 people is likely to disappear from the map. Moerdijk, a small fishing community 34km (21 miles) south of Rotterdam, is on the fault line of the nation's green energy transition. The Dutch government says the country needs vast new sites to build high-voltage substations where cables carrying electricity from growing offshore wind farms can be connected to the national grid. Yet the Netherlands is short of land. Off",[],-0.2023,"in the south of the netherlands, beside a wide estuary, a village of around 1,100 people is likely to disappear from the map. moerdijk, a small fishing community 34km (21 miles) south of rotterdam, is on the fault line of the nation's green energy transition. the dutch government says the country needs vast new sites to build high-voltage substations where cables carrying electricity from growing offshore wind farms can be connected to the national grid. yet the netherlands is short of land. off",business,0.27121052,False
179,https://www.bbc.com/news/articles/cj947487wzyo?at_medium=RSS&at_campaign=rss,"Sat, 11 Apr 2026 02:02:56 GMT",'Every drop of water counts': Fear for the future of Argentina's glaciers,"""Without water, there would be no wine,"" Virginia de Valle says as she takes me around her family's 16-hectare (40-acre) vineyard in Mendoza, nestled below the peaks of the Andes mountain range. Winemakers in Argentina's wine capital rely on fresh water from the Andes mountains to irrigate their crops. But after Argentine MPs this week passed government reforms to loosen the protection of glaciers, De Valle fears her vineyard's water supply is under threat. ""The Andes mountains, with their winte",['Virginia de Valle'],-0.85,"""without water, there would be no wine,"" virginia de valle says as she takes me around her family's 16-hectare (40-acre) vineyard in mendoza, nestled below the peaks of the andes mountain range. winemakers in argentina's wine capital rely on fresh water from the andes mountains to irrigate their crops. but after argentine mps this week passed government reforms to loosen the protection of glaciers, de valle fears her vineyard's water supply is under threat. ""the andes mountains, with their winte",sport,0.30030888,False
180,https://www.bbc.com/news/articles/cq59leg3gp5o?at_medium=RSS&at_campaign=rss,"Thu, 09 Apr 2026 23:06:25 GMT",TV for dogs booms but are they watching?,"Six years ago, when Luca Carano was living in Barcelona with his then-girlfriend, they decided to leave their dog Luna home alone as they went out for dinner.  They usually took the puppy with them, but on that night they left her at home. ""I was thinking right then, she's going to be bored and lonely, there should be something on YouTube for Luna,"" says Carano, a pilot who now lives in Bologna, Italy. He decided to act on his idea. He created the YouTube channel Siesta Dog TV which features vid",[],-0.6124,"six years ago, when luca carano was living in barcelona with his then-girlfriend, they decided to leave their dog luna home alone as they went out for dinner.  they usually took the puppy with them, but on that night they left her at home. ""i was thinking right then, she's going to be bored and lonely, there should be something on youtube for luna,"" says carano, a pilot who now lives in bologna, italy. he decided to act on his idea. he created the youtube channel siesta dog tv which features vid",sport,0.12633972,False
181,https://www.bbc.com/news/articles/ckge155rz10o?at_medium=RSS&at_campaign=rss,"Wed, 08 Apr 2026 23:04:10 GMT",The construction boss who built a new life after three years in prison,"It is often said that the US is ""the land of second chances"". One Chicago-based woman has embraced hers, becoming the boss of a successful all-female construction company after three years in prison. Traci Quinn, a mother and grandmother, spent two decades as a nurse. It was while working in hospitals that she witnessed how cannabis helped some patients, such as those suffering from seizures. It inspired her to set up a company selling medical cannabis. However, back in 2016 she was arrested aft",[],-0.3612,"it is often said that the us is ""the land of second chances"". one chicago-based woman has embraced hers, becoming the boss of a successful all-female construction company after three years in prison. traci quinn, a mother and grandmother, spent two decades as a nurse. it was while working in hospitals that she witnessed how cannabis helped some patients, such as those suffering from seizures. it inspired her to set up a company selling medical cannabis. however, back in 2016 she was arrested aft",business,0.1768825,False
182,https://www.bbc.com/news/articles/c39398j3pjdo?at_medium=RSS&at_campaign=rss,"Tue, 28 Apr 2026 05:11:00 GMT",Cost of living payment date brought forward,"The date a financial bonus will be paid to eligible households has been brought forward. The Government of Jersey said the Community Costs Bonus had previously been paid in the autumn, but for the past couple of years had been moved forward to July to ""help families as soon as possible with cost of living pressures"". It added this policy would be continued in 2026 with eligible households receiving a one-off lump sum of £516.50. Automatic payments would be made to claimants where eligibility had","['The Government of Jersey', 'the Community Costs Bonus']",0.7935,"the date a financial bonus will be paid to eligible households has been brought forward. the government of jersey said the community costs bonus had previously been paid in the autumn, but for the past couple of years had been moved forward to july to ""help families as soon as possible with cost of living pressures"". it added this policy would be continued in 2026 with eligible households receiving a one-off lump sum of £516.50. automatic payments would be made to claimants where eligibility had",business,0.17646414,False
183,https://www.bbc.com/news/articles/cj60pl5g4z4o?at_medium=RSS&at_campaign=rss,"Sat, 18 Apr 2026 23:02:48 GMT",Scammers are becoming ever more sophisticated - this is what the fightback looks like,"In 2024, Kirsty, a woman in her 40s living in North Yorkshire, met a man on a dating website who said he was an English businessman working in Turkey. He shared a picture that he claimed was of himself showing his chiselled abs on the beach and claimed to be financially secure. He even used a banking website to persuade her he had $600,000 (£443,600) in savings. But after two weeks of chatting, he said he'd been mugged and his phone and computer had been stolen, and he asked her to buy him a pho",['Kirsty'],-0.4404,"in 2024, kirsty, a woman in her 40s living in north yorkshire, met a man on a dating website who said he was an english businessman working in turkey. he shared a picture that he claimed was of himself showing his chiselled abs on the beach and claimed to be financially secure. he even used a banking website to persuade her he had $600,000 (£443,600) in savings. but after two weeks of chatting, he said he'd been mugged and his phone and computer had been stolen, and he asked her to buy him a pho",sport,0.17552246,False
184,https://www.bbc.com/news/articles/c397n3jl3z8o?at_medium=RSS&at_campaign=rss,"Sat, 28 Mar 2026 06:30:45 GMT",The £5.30 orange juice that tells the story of why supermarket prices are sky high,"Listen to Faisal read this article  There has been more than a bitter twang in the glasses at British breakfast tables. Only five years ago, a typical supermarket own-label carton of orange juice could be bought for 76p for 1 litre. It now costs £1.79. That's a rise of 134% since 2020, and it's up 29% just in the past year.  In cafes and restaurants it's a similar story - with £3.50 to £4 now a standard price point for a glass of basic OJ. One colleague was outraged to be sent a bill for £9 for ",[],-0.7635,"listen to faisal read this article  there has been more than a bitter twang in the glasses at british breakfast tables. only five years ago, a typical supermarket own-label carton of orange juice could be bought for 76p for 1 litre. it now costs £1.79. that's a rise of 134% since 2020, and it's up 29% just in the past year.  in cafes and restaurants it's a similar story - with £3.50 to £4 now a standard price point for a glass of basic oj. one colleague was outraged to be sent a bill for £9 for",business,0.17990741,False
185,https://www.bbc.com/news/articles/cn08x9lw0pzo?at_medium=RSS&at_campaign=rss,"Thu, 26 Mar 2026 00:41:16 GMT",Prepare for turbulence - how a prolonged Middle East conflict could reshape how we fly,"It was once a humble outpost in the world of global aviation, a dusty overnight halt for luxury flying boats making the arduous journey from the UK to far-flung parts of the British Empire, such as India and Australia. By the 1960s, it had a simple runway made of desert sand, used as a refuelling stop by airliners en route to arguably more exotic destinations. Yet today, Dubai is one of the key pillars of the industry, and Dubai International Airport (DXB) is its beating heart. In 2024, more tha",['DXB'],-0.7351,"it was once a humble outpost in the world of global aviation, a dusty overnight halt for luxury flying boats making the arduous journey from the uk to far-flung parts of the british empire, such as india and australia. by the 1960s, it had a simple runway made of desert sand, used as a refuelling stop by airliners en route to arguably more exotic destinations. yet today, dubai is one of the key pillars of the industry, and dubai international airport (dxb) is its beating heart. in 2024, more tha",business,0.2505349,False
186,https://www.bbc.com/news/articles/c4gjn1d74jlo?at_medium=RSS&at_campaign=rss,"Fri, 20 Mar 2026 00:01:51 GMT",Sir John Curtice: Why Labour's Brexit focus has shifted from Leavers to Remainers,"""Brexit did deep damage."" With those words at her Mais lecture on Tuesday, Chancellor Rachel Reeves made it clear that there has been an important shift within the Labour Party - one that government ministers have been signalling for some time. ""Let me say this directly to our friends and allies in Europe. This government believes a deeper relationship is in the interest of the whole of Europe,"" she said, while at the same time insisting that the government was not trying to ""turn back the clock",['the Labour Party'],0.9042,"""brexit did deep damage."" with those words at her mais lecture on tuesday, chancellor rachel reeves made it clear that there has been an important shift within the labour party - one that government ministers have been signalling for some time. ""let me say this directly to our friends and allies in europe. this government believes a deeper relationship is in the interest of the whole of europe,"" she said, while at the same time insisting that the government was not trying to ""turn back the clock",politics,0.3385049,False
187,https://www.bbc.com/news/articles/c23e3d1r17go?at_medium=RSS&at_campaign=rss,"Sun, 11 Jan 2026 01:26:18 GMT",The real impact of roadworks on the country - and why they're set to get worse,"A few weeks ago, I was driving along the M6 late at night, towards the West Midlands, when I came across the orange flashing lights and miles of cones that signify road works. Two lanes were closed and the overhead gantry warned of a 50mph speed limit on the near-empty motorway. My immediate reaction was an inward sigh. I clock up thousands of miles on Britain's roads as a result of my job presenting a Radio 4 programme from a different part of the country every week, so I understand road works ",['Radio 4'],-0.25,"a few weeks ago, i was driving along the m6 late at night, towards the west midlands, when i came across the orange flashing lights and miles of cones that signify road works. two lanes were closed and the overhead gantry warned of a 50mph speed limit on the near-empty motorway. my immediate reaction was an inward sigh. i clock up thousands of miles on britain's roads as a result of my job presenting a radio 4 programme from a different part of the country every week, so i understand road works",entertainment,0.1751371,False
188,https://www.bbc.com/news/videos/cx2v3pyynp9o?at_medium=RSS&at_campaign=rss,"Thu, 23 Apr 2026 17:48:50 GMT",High street drug dealer sells cannabis to undercover reporter,"Since filming, two people have been arrested on suspicion of supplying drugs through shops in the West Midlands, police say. West Midlands Police did not release the names of those arrested and did not indicate if they are linked to the BBC's investigation into mini-marts. More on this story. Copyright 2026 BBC. All rights reserved. The BBC is not responsible for the content of external sites. Read about our approach to external linking.  ",['BBC'],-0.8677,"since filming, two people have been arrested on suspicion of supplying drugs through shops in the west midlands, police say. west midlands police did not release the names of those arrested and did not indicate if they are linked to the bbc's investigation into mini-marts. more on this story. copyright 2026 bbc. all rights reserved. the bbc is not responsible for the content of external sites. read about our approach to external linking.",entertainment,0.17551777,False
189,https://www.bbc.com/news/videos/cd6ldv655lpo?at_medium=RSS&at_campaign=rss,"Thu, 23 Apr 2026 05:02:00 GMT",Watch: BBC goes undercover at mini-mart selling drugs,"Cocaine and cannabis are among drugs being readily offered for sale in High Street mini-marts, a BBC investigation has revealed. Undercover researchers secretly filmed in towns across the West Midlands, including one shop called Cradley Market. One of those researchers met Akwa, who works behind the counter there. It took just seconds for Akwa to supply him with 3.5g of cannabis for £30. ""I've got weed, coke, everything. Whatever you want, I can sort you out,"" Akwa told the researcher, later sup","['Cocaine', 'Cradley Market', 'BBC']",0.0772,"cocaine and cannabis are among drugs being readily offered for sale in high street mini-marts, a bbc investigation has revealed. undercover researchers secretly filmed in towns across the west midlands, including one shop called cradley market. one of those researchers met akwa, who works behind the counter there. it took just seconds for akwa to supply him with 3.5g of cannabis for £30. ""i've got weed, coke, everything. whatever you want, i can sort you out,"" akwa told the researcher, later sup",sport,0.2687542,False
190,https://www.bbc.com/news/videos/cx2wdnnjp3go?at_medium=RSS&at_campaign=rss,"Wed, 22 Apr 2026 17:09:20 GMT",Inflation: What do price increases mean for you?,More on this story. Copyright 2026 BBC. All rights reserved. The BBC is not responsible for the content of external sites. Read about our approach to external linking.  ,['BBC'],-0.2411,more on this story. copyright 2026 bbc. all rights reserved. the bbc is not responsible for the content of external sites. read about our approach to external linking.,entertainment,0.17368384,False
191,https://www.bbc.com/news/videos/cwyveyl4ez7o?at_medium=RSS&at_campaign=rss,"Mon, 20 Apr 2026 22:02:06 GMT",Are insider traders making millions from the Iran war?,More on this story. Copyright 2026 BBC. All rights reserved. The BBC is not responsible for the content of external sites. Read about our approach to external linking.  ,['BBC'],-0.2411,more on this story. copyright 2026 bbc. all rights reserved. the bbc is not responsible for the content of external sites. read about our approach to external linking.,entertainment,0.17368384,False
192,https://www.bbc.com/news/articles/cm29qj3e294o?at_medium=RSS&at_campaign=rss,"Sat, 25 Apr 2026 23:03:52 GMT",I brought my husband back for his funeral as a hologram,"When Pam Cronrath's husband Bill died last year, after nearly 60 years of marriage, she knew what she wanted to do, but not exactly how. ""I promised him a super wake,"" she told the BBC.   What she didn't expect was that keeping the promise would lead her into the world of holograms, technology more commonly associated with celebrities than memorial services in rural America. Pam, 78, lives in Wenatchee, Washington, an agricultural community on the eastern edge of the Cascade Mountains.  A self-c",['BBC'],0.882,"when pam cronrath's husband bill died last year, after nearly 60 years of marriage, she knew what she wanted to do, but not exactly how. ""i promised him a super wake,"" she told the bbc.   what she didn't expect was that keeping the promise would lead her into the world of holograms, technology more commonly associated with celebrities than memorial services in rural america. pam, 78, lives in wenatchee, washington, an agricultural community on the eastern edge of the cascade mountains.  a self-c",entertainment,0.17612885,False
193,https://www.bbc.com/news/articles/c4gjkj7975po?at_medium=RSS&at_campaign=rss,"Sat, 25 Apr 2026 01:18:33 GMT",The viral manifesto of 'anti-woke' tech boss with NHS and defence contracts,"It's not often a thousand-word social media post from a US tech firm goes viral.  But the post from Palantir - a 22-point manifesto of sorts - currently has over 30 million views on X. It is the work of the controversial company's co-founder and chief executive, who has criticised the belief that all cultures are equal and called for universal national service. Alex Karp also called the disarmament of Germany and Japan after World War Two an ""overcorrection"", backed AI weapons and condemned ""rut",['Palantir'],-0.9628,"it's not often a thousand-word social media post from a us tech firm goes viral.  but the post from palantir - a 22-point manifesto of sorts - currently has over 30 million views on x. it is the work of the controversial company's co-founder and chief executive, who has criticised the belief that all cultures are equal and called for universal national service. alex karp also called the disarmament of germany and japan after world war two an ""overcorrection"", backed ai weapons and condemned ""rut",business,0.11874608,False
194,https://www.bbc.com/news/articles/cq6je7e80r7o?at_medium=RSS&at_campaign=rss,"Fri, 24 Apr 2026 22:45:28 GMT",OpenAI boss 'deeply sorry' for not telling police of mass shooting suspect's account,"The leader of OpenAI has apologised for the company not going to police with information on a ChatGPT account that belonged to the person accused of a mass shooting in the Canadian community of Tumbler Ridge in January. In a letter sent on Thursday to the community of the small town, Sam Altman, OpenAI's co-founder and chief executive, said he was ""deeply sorry that we did not alert law enforcement to the account that was banned in June"". The account belonged to an 18-year-old who shot and kille","['OpenAI', 'Tumbler Ridge', 'kille']",-0.7416,"the leader of openai has apologised for the company not going to police with information on a chatgpt account that belonged to the person accused of a mass shooting in the canadian community of tumbler ridge in january. in a letter sent on thursday to the community of the small town, sam altman, openai's co-founder and chief executive, said he was ""deeply sorry that we did not alert law enforcement to the account that was banned in june"". the account belonged to an 18-year-old who shot and kille",business,0.117892236,False
195,https://www.bbc.com/news/articles/cq8wnzly5j5o?at_medium=RSS&at_campaign=rss,"Fri, 24 Apr 2026 14:40:23 GMT",UK cyber chiefs say it's time to ditch passwords for passkeys - what are they?,"People in the UK have been urged to start ditching passwords in favour of passkeys, where available, as a way to secure their accounts online. Passwords have long been the default way many people set up and log in to accounts for digital services. However, the National Cyber Security Centre (NCSC) said on Thursday it was ""overhauling decades of security practice"" to instead recommend passkeys as the most secure option. Platforms including Apple, Google and X already let people use them instead o","['Apple', 'the National Cyber Security Centre', 'NCSC', 'Google']",0.9186,"people in the uk have been urged to start ditching passwords in favour of passkeys, where available, as a way to secure their accounts online. passwords have long been the default way many people set up and log in to accounts for digital services. however, the national cyber security centre (ncsc) said on thursday it was ""overhauling decades of security practice"" to instead recommend passkeys as the most secure option. platforms including apple, google and x already let people use them instead o",tech,0.06988384,False
196,https://www.bbc.com/news/articles/clyedyn6pz7o?at_medium=RSS&at_campaign=rss,"Fri, 24 Apr 2026 10:00:42 GMT","Biobank data incident caused by 'a few bad apples', boss says","The boss of UK Biobank Professor Sir Rory Collins has said a ""few bad apples"" were behind the incident which saw medical data belonging to 500,000 participants listed for sale on a website in China. Datasets containing de-identified information about its volunteers made available to researchers at three academic institutions were found to have been posted for sale on Alibaba last week, the government said on Thursday. It said the listings were ""swiftly"" removed before any purchase took place but",[],-0.3071,"the boss of uk biobank professor sir rory collins has said a ""few bad apples"" were behind the incident which saw medical data belonging to 500,000 participants listed for sale on a website in china. datasets containing de-identified information about its volunteers made available to researchers at three academic institutions were found to have been posted for sale on alibaba last week, the government said on thursday. it said the listings were ""swiftly"" removed before any purchase took place but",business,0.1700407,False
197,https://www.bbc.com/news/articles/cpvxgl3n138o?at_medium=RSS&at_campaign=rss,"Thu, 23 Apr 2026 11:45:41 GMT","UK Biobank health data listed for sale in China, government confirms","Medical information of 500,000 participants of one of the UK's landmark scientific programmes, UK Biobank, were offered for sale online in China, the government has confirmed. Technology minister Ian Murray said information of all members of the database was found listed for sale on the website Alibaba. Murray told MPs the charity which runs UK Biobank had told the government about the breach on Monday. He said the information did not include names, addresses, contact details or telephone number",['Biobank'],0.5267,"medical information of 500,000 participants of one of the uk's landmark scientific programmes, uk biobank, were offered for sale online in china, the government has confirmed. technology minister ian murray said information of all members of the database was found listed for sale on the website alibaba. murray told mps the charity which runs uk biobank had told the government about the breach on monday. he said the information did not include names, addresses, contact details or telephone number",politics,0.09795547,False
198,https://www.bbc.com/news/articles/cgrlvvrn409o?at_medium=RSS&at_campaign=rss,"Wed, 22 Apr 2026 12:03:10 GMT",Xbox cuts prices for Game Pass but ends day-one Call of Duty access,"Xbox says it is dropping the prices of its subscription service Game Pass, just six months after hiking them by more than 50%. But the Microsoft-owned company said new Call of Duty games will only be added to the more premium Game Pass Ultimate and also PC Game Pass ""about a year"" after they are released. Reaction from fans was mixed, with some praising Xbox for ""listening to feedback"" on prices, while others noted it created ""a trust issue"" over what other first-party games could be removed in ","['Call of Duty', 'Microsoft', 'Xbox']",0.9136,"xbox says it is dropping the prices of its subscription service game pass, just six months after hiking them by more than 50%. but the microsoft-owned company said new call of duty games will only be added to the more premium game pass ultimate and also pc game pass ""about a year"" after they are released. reaction from fans was mixed, with some praising xbox for ""listening to feedback"" on prices, while others noted it created ""a trust issue"" over what other first-party games could be removed in",tech,0.12002079,False
199,https://www.bbc.com/news/articles/cy41zejp9pko?at_medium=RSS&at_campaign=rss,"Wed, 22 Apr 2026 10:13:35 GMT",Anthropic investigating claim of unauthorised access to Mythos AI tool,"Anthropic is investigating a claim that a small group of people gained access to its Claude Mythos model - the cyber-security tool which the AI firm says is too powerful to release to the public. ""We're investigating a report claiming unauthorized access to Claude Mythos Preview through one of our third-party vendor environments,"" the company said in a statement. It was in response to a Bloomberg report that users in a private forum managed to access the model without the normal permissions. The",['Bloomberg'],0.6597,"anthropic is investigating a claim that a small group of people gained access to its claude mythos model - the cyber-security tool which the ai firm says is too powerful to release to the public. ""we're investigating a report claiming unauthorized access to claude mythos preview through one of our third-party vendor environments,"" the company said in a statement. it was in response to a bloomberg report that users in a private forum managed to access the model without the normal permissions. the",business,0.27113056,False
200,https://www.bbc.co.uk/sounds/play/w3ct8jxr?at_medium=RSS&at_campaign=rss,"Tue, 21 Apr 2026 20:15:00 GMT",A hologram to remember: Pam and Bill’s love story," Use BBC.com or the new BBC App to listen to BBC podcasts, Radio 4 and the World Service outside the UK. Find out how to listen to other BBC stations World Service,·21 Apr 2026,·26 mins Available for over a year Pam Cronrath tells her deeply personal story of creating a lifelike speaking hologram of her husband, Bill, after he passed away. Pam wanted to honour a promise she'd made to Bill, for a ""super wake"". And so Bill's hologram appeared in front of two hundred guests at the event, and surpri","['the World Service', 'Radio 4', 'World Service,·21', 'BBC', 'BBC App']",0.9022,"use bbc.com or the new bbc app to listen to bbc podcasts, radio 4 and the world service outside the uk. find out how to listen to other bbc stations world service,·21 apr 2026,·26 mins available for over a year pam cronrath tells her deeply personal story of creating a lifelike speaking hologram of her husband, bill, after he passed away. pam wanted to honour a promise she'd made to bill, for a ""super wake"". and so bill's hologram appeared in front of two hundred guests at the event, and surpri",entertainment,0.13131945,False
201,https://www.bbc.co.uk/sounds/play/w3ct8jxq?at_medium=RSS&at_campaign=rss,"Tue, 14 Apr 2026 21:30:00 GMT",Sharing the road with driverless cars," Use BBC.com or the new BBC App to listen to BBC podcasts, Radio 4 and the World Service outside the UK. Find out how to listen to other BBC stations World Service,·14 Apr 2026,·26 mins Available for over a year Chris Vallance finds out about research to help self-driving cars communicate with other road users. Hear what happened when he came into contact with a virtual vehicle!

Also this week: you've probably seen the app on TV news recently, but how does MarineTraffic know which ships are doi","['the World Service', 'Radio 4', 'MarineTraffic', 'BBC', 'BBC App']",0.2828,"use bbc.com or the new bbc app to listen to bbc podcasts, radio 4 and the world service outside the uk. find out how to listen to other bbc stations world service,·14 apr 2026,·26 mins available for over a year chris vallance finds out about research to help self-driving cars communicate with other road users. hear what happened when he came into contact with a virtual vehicle!

also this week: you've probably seen the app on tv news recently, but how does marinetraffic know which ships are doi",tech,0.14910011,False
202,https://www.bbc.co.uk/sounds/play/w3ct8jxp?at_medium=RSS&at_campaign=rss,"Tue, 07 Apr 2026 20:00:00 GMT",The problem with AI," Use BBC.com or the new BBC App to listen to BBC podcasts, Radio 4 and the World Service outside the UK. Find out how to listen to other BBC stations World Service,·07 Apr 2026,·26 mins Available for over a year Can we trust AI? Its answers are not always correct. And it only knows what it's been trained on, so some of its responses can contain bias. Tech experts offer us some solutions.

Also this week: digital twinning is helping the restoration of a three hundred year old palace.  And the joy","['BBC', 'Radio 4', 'BBC App', 'the World Service']",0.8625,"use bbc.com or the new bbc app to listen to bbc podcasts, radio 4 and the world service outside the uk. find out how to listen to other bbc stations world service,·07 apr 2026,·26 mins available for over a year can we trust ai? its answers are not always correct. and it only knows what it's been trained on, so some of its responses can contain bias. tech experts offer us some solutions.

also this week: digital twinning is helping the restoration of a three hundred year old palace.  and the joy",tech,0.14565304,False
203,https://www.bbc.co.uk/sounds/play/w3ct8jxn?at_medium=RSS&at_campaign=rss,"Tue, 31 Mar 2026 20:00:00 GMT",Putting polluters in court," Use BBC.com or the new BBC App to listen to BBC podcasts, Radio 4 and the World Service outside the UK. Find out how to listen to other BBC stations World Service,·31 Mar 2026,·26 mins Available for over a year Climate change is making devastating extreme weather more common. Tech Life's Yasmin Morgan-Griffiths explores the science that could help communities take polluters to court.

Also this week: we look at whether the boom in AI is causing a boom in electronic waste. And as astronauts head","['the World Service', 'Radio 4', ""Tech Life's"", 'BBC', 'BBC App']",-0.8126,"use bbc.com or the new bbc app to listen to bbc podcasts, radio 4 and the world service outside the uk. find out how to listen to other bbc stations world service,·31 mar 2026,·26 mins available for over a year climate change is making devastating extreme weather more common. tech life's yasmin morgan-griffiths explores the science that could help communities take polluters to court.

also this week: we look at whether the boom in ai is causing a boom in electronic waste. and as astronauts head",tech,0.38604918,False
204,https://www.bbc.co.uk/iplayer/episode/m002vtqb?at_medium=RSS&at_campaign=rss,"Sat, 25 Apr 2026 01:00:00 GMT",Tech Now - 25/04/2026, Alasdair Keane visits an underground insect farm turning food waste into animal feed. Shiona McCallum tours behind the scenes at Blenheim Palace where tech aids Unesco World Heritage restoration. More,['Unesco World Heritage'],-0.4215,alasdair keane visits an underground insect farm turning food waste into animal feed. shiona mccallum tours behind the scenes at blenheim palace where tech aids unesco world heritage restoration. more,sport,0.34811756,False
205,https://www.bbc.co.uk/iplayer/episode/m002tvm7?at_medium=RSS&at_campaign=rss,"Sat, 04 Apr 2026 01:00:00 GMT",Tech Now - Blenheim Palace: Can Tech Help to Restore it?, Shiona McCallum takes a tour behind the scenes of Blenheim Palace to see how new technologies are playing a key role in the restoration of the Unesco World Heritage Site.  More,['the Unesco World Heritage Site'],0.2023,shiona mccallum takes a tour behind the scenes of blenheim palace to see how new technologies are playing a key role in the restoration of the unesco world heritage site.  more,entertainment,0.18455167,False
206,https://www.bbc.co.uk/iplayer/episode/m002tkdv?at_medium=RSS&at_campaign=rss,"Sat, 28 Mar 2026 01:00:09 GMT",Tech Now - Climate Science in the Courtroom, Yasmin Morgan-Griffiths explores how research linking climate change and extreme weather events is being used in lawsuits against major polluters. More,[],-0.5574,yasmin morgan-griffiths explores how research linking climate change and extreme weather events is being used in lawsuits against major polluters. more,sport,0.5710952,True
207,https://www.bbc.co.uk/iplayer/episode/m002t71c?at_medium=RSS&at_campaign=rss,"Sat, 21 Mar 2026 01:00:17 GMT",Tech Now - Inside the High-Tech Insect Farm, Alasdair Keane visits the underground insect farm turning food waste into animal feed. Lara Lewington meets the team supercharging the stethoscope. More,[],-0.4215,alasdair keane visits the underground insect farm turning food waste into animal feed. lara lewington meets the team supercharging the stethoscope. more,sport,0.3408219,False
208,https://www.bbc.com/news/articles/cqxl5rjw58po?at_medium=RSS&at_campaign=rss,"Sun, 26 Apr 2026 23:01:47 GMT",UK's biggest ever environmental pollution claim reaches High Court,"One of the UK's largest chicken producers and a water company will be in the High Court on Monday accused of polluting the rivers Wye, Lugg and Usk. More than 4,500 people who live or work near the rivers along the Welsh-English border have signed up to take part in what's being seen as a landmark case against Avara Foods and Welsh Water. Their lawyers say it's the biggest case ever brought in the UK over environmental pollution in terms of the number of claimants and its geographical spread.  A","['the High Court', 'Avara Foods and Welsh Water']",-0.1531,"one of the uk's largest chicken producers and a water company will be in the high court on monday accused of polluting the rivers wye, lugg and usk. more than 4,500 people who live or work near the rivers along the welsh-english border have signed up to take part in what's being seen as a landmark case against avara foods and welsh water. their lawyers say it's the biggest case ever brought in the uk over environmental pollution in terms of the number of claimants and its geographical spread.  a",business,0.4366845,True
209,https://www.bbc.com/news/articles/c6244zv02ero?at_medium=RSS&at_campaign=rss,"Sun, 26 Apr 2026 06:20:08 GMT",'We're living in a shed because of river pollution',"People living and working in Herefordshire say ongoing pollution in the river Lugg is causing ""significant damage"" to the local economy. Since 2019, there have been restrictions on building in the area because of increasing pollution levels in the protected river. Jane and Tony Coyle are building their own home, but they have had to live in a caravan, and now a shed, on the site while they wait for planning permission. ""This delay has cost us time, money and health,"" said Jane Coyle.  In 2018, t",[],-0.4019,"people living and working in herefordshire say ongoing pollution in the river lugg is causing ""significant damage"" to the local economy. since 2019, there have been restrictions on building in the area because of increasing pollution levels in the protected river. jane and tony coyle are building their own home, but they have had to live in a caravan, and now a shed, on the site while they wait for planning permission. ""this delay has cost us time, money and health,"" said jane coyle.  in 2018, t",business,0.57981324,True
210,https://www.bbc.com/news/articles/cx2rq92yv4vo?at_medium=RSS&at_campaign=rss,"Fri, 24 Apr 2026 05:42:44 GMT",First ever talks to ditch fossil fuels as UN deadlock deepens,"A large group of countries including some major oil producers are meeting on Friday to plan something UN climate summits have failed to agree on - a complete move away from fossil fuels. Around 60 nations are gathering in Santa Marta, Colombia as the world warms rapidly, mainly from the use of coal, oil and gas. Countries attending account for roughly a fifth of global fossil fuel supply  - including Colombia, Australia and Nigeria - but major powers including the US, China and India are not par",['UN'],0.0387,"a large group of countries including some major oil producers are meeting on friday to plan something un climate summits have failed to agree on - a complete move away from fossil fuels. around 60 nations are gathering in santa marta, colombia as the world warms rapidly, mainly from the use of coal, oil and gas. countries attending account for roughly a fifth of global fossil fuel supply  - including colombia, australia and nigeria - but major powers including the us, china and india are not par",business,0.31124502,False
211,https://www.bbc.com/news/articles/cyv1rgm16r2o?at_medium=RSS&at_campaign=rss,"Thu, 23 Apr 2026 18:04:39 GMT",Meet the 19-metre octopus that prowled the ancient seas,"Giant octopuses may have ruled the ancient oceans 100 million years ago, when dinosaurs roamed, according to new research. Some of the earliest octopuses are believed to have been powerful predators equipped with strong arms for grabbing prey and beak-like jaws for munching on the shells and bones of other animals. A new study of some remarkably well preserved jaws suggest they reached up to 19 metres, potentially making them the largest invertebrates ever known to scientists. For decades, palae",['Giant'],0.8357,"giant octopuses may have ruled the ancient oceans 100 million years ago, when dinosaurs roamed, according to new research. some of the earliest octopuses are believed to have been powerful predators equipped with strong arms for grabbing prey and beak-like jaws for munching on the shells and bones of other animals. a new study of some remarkably well preserved jaws suggest they reached up to 19 metres, potentially making them the largest invertebrates ever known to scientists. for decades, palae",business,0.33254954,False
212,https://www.bbc.com/news/articles/ckg98q1yx9vo?at_medium=RSS&at_campaign=rss,"Wed, 22 Apr 2026 23:11:24 GMT","Ban 'forever chemicals' in uniforms and frying pans, MPs urge","School uniforms and non-stick pans are some of the everyday products that are treated with a group of chemicals, called PFAS, to make them stain and water resistant. But there is growing concern about the long-term environmental and health impacts of  some of these ""forever chemicals"" - so called because they persist and accumulate across ecosystems. A group of MPs has now called for a complete ban on their use, unless manufacturers can demonstrate they are either essential for their product or ",['PFAS'],-0.5927,"school uniforms and non-stick pans are some of the everyday products that are treated with a group of chemicals, called pfas, to make them stain and water resistant. but there is growing concern about the long-term environmental and health impacts of  some of these ""forever chemicals"" - so called because they persist and accumulate across ecosystems. a group of mps has now called for a complete ban on their use, unless manufacturers can demonstrate they are either essential for their product or",tech,0.47950867,True
213,https://www.bbc.com/news/articles/c79jg43vd8no?at_medium=RSS&at_campaign=rss,"Tue, 21 Apr 2026 11:53:27 GMT",Electricity bills targeted in planned shakeup to energy pricing,"Households will be better protected from high energy bills triggered by spikes in gas prices, the government said on Tuesday, as it announced a planned shakeup in the way electricity is priced. Even though renewable energy sources like wind and solar often generate more power, volatile international gas markets can shape what homes and businesses pay for electricity. The government wants to weaken this link within the next year to shield households from sudden rises in fossil fuel prices, like t",['Households'],0.8481,"households will be better protected from high energy bills triggered by spikes in gas prices, the government said on tuesday, as it announced a planned shakeup in the way electricity is priced. even though renewable energy sources like wind and solar often generate more power, volatile international gas markets can shape what homes and businesses pay for electricity. the government wants to weaken this link within the next year to shield households from sudden rises in fossil fuel prices, like t",business,0.3402623,False
214,https://www.bbc.com/news/articles/ce8jpz9rx2yo?at_medium=RSS&at_campaign=rss,"Thu, 16 Apr 2026 21:49:38 GMT",Artemis II crew: 'We left as friends - we came back as best friends',"The four astronauts of Artemis II say their mission gave the world a sense of hope and unity at a time when both feel in short supply.  At their first Nasa news conference since returning last Friday, Reid Wiseman, Victor Glover, Christina Koch and Jeremy Hansen said they left as friends and came back as something closer - bound by an experience that no earthly language can fully contain.  More than the technical milestones, the mission reminded them of what being human actually means: laughter,","['Nasa', 'Artemis II']",0.7906,"the four astronauts of artemis ii say their mission gave the world a sense of hope and unity at a time when both feel in short supply.  at their first nasa news conference since returning last friday, reid wiseman, victor glover, christina koch and jeremy hansen said they left as friends and came back as something closer - bound by an experience that no earthly language can fully contain.  more than the technical milestones, the mission reminded them of what being human actually means: laughter,",sport,0.19732675,False
215,https://www.bbc.com/news/articles/c75kk7p41npo?at_medium=RSS&at_campaign=rss,"Tue, 14 Apr 2026 23:14:24 GMT",Butterfly numbers are dropping but here are five species you may see more of,"Increasingly warm and sunny weather over the last half century – driven in part by climate change – has helped some British butterfly species to flourish, according to one of the world's biggest insect monitoring schemes. But the overall picture is more troubling. Data collected over half a century shows many of the UK's most distinctive butterflies are in steep decline. The findings come from the UK Butterfly Monitoring Scheme (UKBMS), which has gathered more than 44 million records from 782,00",['UKBMS'],-0.5913,"increasingly warm and sunny weather over the last half century – driven in part by climate change – has helped some british butterfly species to flourish, according to one of the world's biggest insect monitoring schemes. but the overall picture is more troubling. data collected over half a century shows many of the uk's most distinctive butterflies are in steep decline. the findings come from the uk butterfly monitoring scheme (ukbms), which has gathered more than 44 million records from 782,00",business,0.30521193,False
216,https://www.bbc.com/news/articles/cje4zlxqkqdo?at_medium=RSS&at_campaign=rss,"Sat, 11 Apr 2026 23:19:46 GMT",Golden eagles' return to English skies gets government backing,"Golden Eagles will once again be a permanent feature of English skies, as the government pledges £1m to back the reintroduction of the species as early as next year. Britain's second largest bird of prey was wiped out in England during the 19th Century after a concerted campaign of hunting. Forestry England will now launch a public consultation alongside the charity behind the successful return of the species to the Scottish border. Restoring Upland Nature said they have seen widespread support ",[],0.8885,"golden eagles will once again be a permanent feature of english skies, as the government pledges £1m to back the reintroduction of the species as early as next year. britain's second largest bird of prey was wiped out in england during the 19th century after a concerted campaign of hunting. forestry england will now launch a public consultation alongside the charity behind the successful return of the species to the scottish border. restoring upland nature said they have seen widespread support",politics,0.41631192,True
217,https://www.bbc.com/news/articles/clyrdkxvmmpo?at_medium=RSS&at_campaign=rss,"Sat, 11 Apr 2026 23:17:07 GMT",From blast off to splashdown: My days following Nasa's historic mission to the Moon,"For the last 10 days, four astronauts have been making history, travelling further into space than humans have been before as they voyaged to the Moon and back. I've been following every moment of the Artemis II mission: from lift off, to their lunar close encounter and a nerve-shredding landing. Before they blasted off into space, the crew told us that on launch day astronauts are the calmest people around. Me - not so much. My excitement was impossible to contain and as the rocket fired its hu",['Artemis'],0.3535,"for the last 10 days, four astronauts have been making history, travelling further into space than humans have been before as they voyaged to the moon and back. i've been following every moment of the artemis ii mission: from lift off, to their lunar close encounter and a nerve-shredding landing. before they blasted off into space, the crew told us that on launch day astronauts are the calmest people around. me - not so much. my excitement was impossible to contain and as the rocket fired its hu",sport,0.20442735,False
218,https://www.bbc.com/news/articles/cr51z54d5rpo?at_medium=RSS&at_campaign=rss,"Sat, 11 Apr 2026 07:53:46 GMT",Artemis crew home safely after completing historic mission to the Moon,"The four astronauts who flew in Nasa's Artemis II mission around the Moon have splashed down safely in the Pacific Ocean after a flawless return.  The crew are now safely aboard a waiting ship and recovering from a nine-day voyage that took them further from Earth than any humans in history.  Their Orion spacecraft was travelling at more than 24,000mph (38,600km/h) when it hit the Earth's upper atmosphere and its heatshield was subjected to temperatures half as hot as found on the surface of the","['Nasa', 'km/h']",0.8689,"the four astronauts who flew in nasa's artemis ii mission around the moon have splashed down safely in the pacific ocean after a flawless return.  the crew are now safely aboard a waiting ship and recovering from a nine-day voyage that took them further from earth than any humans in history.  their orion spacecraft was travelling at more than 24,000mph (38,600km/h) when it hit the earth's upper atmosphere and its heatshield was subjected to temperatures half as hot as found on the surface of the",business,0.28119662,False
219,https://www.bbc.com/news/articles/cj0v119zp19o?at_medium=RSS&at_campaign=rss,"Sat, 11 Apr 2026 00:38:44 GMT",Artemis II mission was a triumph. Now comes the hard part,"Nasa's Artemis II mission has successfully sent four astronauts sweeping around the far side of the Moon and landed them safely back home. The Orion spacecraft performed admirably and the images the astronauts captured have delighted a whole new generation about the possibilities of space travel. But does this mean that the children enthralled by the mission will be able to live and work on the Moon in their lifetimes? Perhaps even go to Mars, as the Artemis programme promises?  It seems churlis","['Nasa', 'Artemis']",0.885,"nasa's artemis ii mission has successfully sent four astronauts sweeping around the far side of the moon and landed them safely back home. the orion spacecraft performed admirably and the images the astronauts captured have delighted a whole new generation about the possibilities of space travel. but does this mean that the children enthralled by the mission will be able to live and work on the moon in their lifetimes? perhaps even go to mars, as the artemis programme promises?  it seems churlis",entertainment,0.11470119,False
220,https://www.bbc.com/news/articles/cpwjvgv2d4no?at_medium=RSS&at_campaign=rss,"Sat, 11 Apr 2026 00:38:27 GMT",Back to Earth: What happens to the Artemis II astronauts now?,"The Artemis II crew have safely returned home after re-entering Earth's atmosphere at 25,000mph (40,000km/h), splashing down off the coast of California. They have travelled deeper into space than any humans before them - just over 4,000 miles more than the record of 248,655 set by Apollo 13 in 1970. Astronauts are highly trained to cope with the physical and mental strain of space.  Although it might seem like it would be a difficult experience to endure, astronauts talk about being in space as","['Artemis', 'km/h', 'Apollo 13']",0.4588,"the artemis ii crew have safely returned home after re-entering earth's atmosphere at 25,000mph (40,000km/h), splashing down off the coast of california. they have travelled deeper into space than any humans before them - just over 4,000 miles more than the record of 248,655 set by apollo 13 in 1970. astronauts are highly trained to cope with the physical and mental strain of space.  although it might seem like it would be a difficult experience to endure, astronauts talk about being in space as",sport,0.3054073,False
221,https://www.bbc.com/news/articles/c747pjxv1gvo?at_medium=RSS&at_campaign=rss,"Mon, 27 Apr 2026 05:17:28 GMT",How do you restore the wild spaces in a corner of England?,"A plan to improve Shropshire's wild spaces has been unveiled, aiming to restore habitats and protect wildlife.  Under the 2021 Environment Act, every local authority must develop one of these plans to promote biodiversity and restore nature in their respective areas.  It is called a Local Nature Recovery Strategy (LNRS), and Shropshire is the latest of the 48 areas to reveal its aims.  The county has ""things that we really want to protect,"" said Lynn Parker, who is coordinating the project, addi",[],0.9348,"a plan to improve shropshire's wild spaces has been unveiled, aiming to restore habitats and protect wildlife.  under the 2021 environment act, every local authority must develop one of these plans to promote biodiversity and restore nature in their respective areas.  it is called a local nature recovery strategy (lnrs), and shropshire is the latest of the 48 areas to reveal its aims.  the county has ""things that we really want to protect,"" said lynn parker, who is coordinating the project, addi",business,0.3734224,False
222,https://www.bbc.com/news/articles/cvg0rmxyyp1o?at_medium=RSS&at_campaign=rss,"Mon, 27 Apr 2026 05:13:16 GMT",How a yacht club's seawall is being reimagined for marine life,"Nestled in Whiterock Bay, Strangford Yacht Club is home to a fleet of racing boats, cruisers and dinghies. But now, 10 artificial rock pools have been installed along its seawall in the hope that the club will also become a refuge for marine life. Believed to be the first of their kind in Northern Ireland, the artificial rock pools - known as vertipools - have been installed by Mourne Gullion Strangford Geopark. The concrete, honeycomb-style installations are attached to the wall by metal bolts ","['Strangford Yacht Club', 'Mourne Gullion Strangford Geopark']",0.8573,"nestled in whiterock bay, strangford yacht club is home to a fleet of racing boats, cruisers and dinghies. but now, 10 artificial rock pools have been installed along its seawall in the hope that the club will also become a refuge for marine life. believed to be the first of their kind in northern ireland, the artificial rock pools - known as vertipools - have been installed by mourne gullion strangford geopark. the concrete, honeycomb-style installations are attached to the wall by metal bolts",sport,0.23334365,False
223,https://www.bbc.com/news/articles/cly7yvr8g97o?at_medium=RSS&at_campaign=rss,"Sun, 26 Apr 2026 12:52:14 GMT",Series of wildfires across Scotland during 'extreme' alert,"Firefighters have tackled a series of weekend blazes across Scotland, with an extreme warning for wildfires in place in parts of the country. Grass fires broke out at Loch Lomond, on the Isle of Skye and near Lochinver in the Highlands on Saturday afternoon. In Aberdeenshire, a fire that spread across a beach in Peterhead is being treated as deliberate by police.   The Scottish Fire and rescue Service (SFRS) said an 'extreme' wildfire warning for Western Scotland, and a 'very high' warning for c","['SFRS', 'The Scottish Fire']",-0.8591,"firefighters have tackled a series of weekend blazes across scotland, with an extreme warning for wildfires in place in parts of the country. grass fires broke out at loch lomond, on the isle of skye and near lochinver in the highlands on saturday afternoon. in aberdeenshire, a fire that spread across a beach in peterhead is being treated as deliberate by police.   the scottish fire and rescue service (sfrs) said an 'extreme' wildfire warning for western scotland, and a 'very high' warning for c",sport,0.32350177,False
224,https://www.bbc.com/news/articles/clyxd6n190zo?at_medium=RSS&at_campaign=rss,"Sun, 26 Apr 2026 05:42:48 GMT",Wildlife arriving at newly created wetland,"Wildlife is starting to move into a new wetland area that took a year to build. It was created at the Great Fen nature reserve, near Ramsey in Cambridgeshire, as part of The Great Fen project. About 25 hectares (62 acres) - the size of about 60 football pitches - of land has been transformed with a mere, channels and reedbeds. Staff have already seen birds, including lapwings, checking out the potential new feeding ground. The work is one of the latest phases of the Great Fen vision, called Peat",['Peat'],0.946,"wildlife is starting to move into a new wetland area that took a year to build. it was created at the great fen nature reserve, near ramsey in cambridgeshire, as part of the great fen project. about 25 hectares (62 acres) - the size of about 60 football pitches - of land has been transformed with a mere, channels and reedbeds. staff have already seen birds, including lapwings, checking out the potential new feeding ground. the work is one of the latest phases of the great fen vision, called peat",business,0.31457707,False
225,https://www.bbc.com/news/articles/c248e595dzgo?at_medium=RSS&at_campaign=rss,"Sun, 26 Apr 2026 12:10:42 GMT",Your snaps of changing skies from meteors to rays,"April is notorious for brining a mixed bag of unpredictable weather and this week has been a real example of that. Foggy skies have shrouded parts of Tyne and Wear, while Cumbria and County Durham basked in sunshine. The Lyrids meteor shower reached its peak this week too, with amazing starry displays seen across the country. While the North East and Cumbria appeared not to be at the epicentre of the meteor shower, some persistent photographers managed to catch it nonetheless. Here is a selectio","['Cumbria', 'Lyrids']",0.6705,"april is notorious for brining a mixed bag of unpredictable weather and this week has been a real example of that. foggy skies have shrouded parts of tyne and wear, while cumbria and county durham basked in sunshine. the lyrids meteor shower reached its peak this week too, with amazing starry displays seen across the country. while the north east and cumbria appeared not to be at the epicentre of the meteor shower, some persistent photographers managed to catch it nonetheless. here is a selectio",business,0.32081696,False
226,https://www.bbc.com/news/articles/cq6j3e0v8rgo?at_medium=RSS&at_campaign=rss,"Thu, 23 Apr 2026 04:34:53 GMT",Astronaut takes photo of his university from orbit,"A university has been emailed a photo of its campus - taken by a former student working as a NASA astronaut on board the International Space Station. Capt Jack Hathaway snapped the image during an orbit on Saturday and sent it to the vice chancellor of Cranfield University in Bedfordshire the following day. The former US Navy pilot studied for a Master of Science degree in flight dynamics at the university in 2014. In his email, the 43-year-old noted that it took some time to take the photograph","['the International Space Station', 'NASA', 'a Master of Science', 'Cranfield University', 'US Navy']",0.2732,"a university has been emailed a photo of its campus - taken by a former student working as a nasa astronaut on board the international space station. capt jack hathaway snapped the image during an orbit on saturday and sent it to the vice chancellor of cranfield university in bedfordshire the following day. the former us navy pilot studied for a master of science degree in flight dynamics at the university in 2014. in his email, the 43-year-old noted that it took some time to take the photograph",business,0.14655118,False
227,https://www.bbc.com/news/articles/c75k04zplwwo?at_medium=RSS&at_campaign=rss,"Wed, 22 Apr 2026 05:11:12 GMT",Woman who unlocked the secrets of the stars honoured,"The astronomer who discovered what stars are made of, Cecilia Payne-Gaposchkin, has been commemorated with an English Heritage blue plaque at her teenage home, 70 Lansdowne Road in Notting Hill. It was while living at this address that Payne-Gaposchkin won a scholarship to Newnham College, Cambridge. She later earned a doctorate in astronomy from Harvard and in 1927, she became the youngest astronomer ever to have a star of distinction next to her name in the publication American Men of Science.","['Payne-Gaposchkin', 'Newnham College', 'Harvard', 'American Men of Science', 'Cecilia Payne-Gaposchkin']",0.5719,"the astronomer who discovered what stars are made of, cecilia payne-gaposchkin, has been commemorated with an english heritage blue plaque at her teenage home, 70 lansdowne road in notting hill. it was while living at this address that payne-gaposchkin won a scholarship to newnham college, cambridge. she later earned a doctorate in astronomy from harvard and in 1927, she became the youngest astronomer ever to have a star of distinction next to her name in the publication american men of science.",entertainment,0.04768696,False
228,https://www.bbc.com/news/articles/cvg0ynj902jo?at_medium=RSS&at_campaign=rss,"Wed, 22 Apr 2026 05:06:09 GMT",The mission to get 100 women to walk on the Moon - without leaving Earth,"Women have never walked on the Moon - until now. And they have done it without leaving earth, or east Belfast. Betty Campbell even celebrated her 90th birthday by donning her spacesuit, moon boots and helmet and doing a moonwalk. ""I thought I was going to have a happy, quiet birthday but little did I know what a lovely thing was planned,"" Betty said. ""It was just so wonderful to be given the opportunity at my age."" The surprise moonwalk was all down to Betty's neighbour, artist Deby McKnight. Sh",['Betty'],0.9746,"women have never walked on the moon - until now. and they have done it without leaving earth, or east belfast. betty campbell even celebrated her 90th birthday by donning her spacesuit, moon boots and helmet and doing a moonwalk. ""i thought i was going to have a happy, quiet birthday but little did i know what a lovely thing was planned,"" betty said. ""it was just so wonderful to be given the opportunity at my age."" the surprise moonwalk was all down to betty's neighbour, artist deby mcknight. sh",sport,0.22077364,False
229,https://www.bbc.com/news/articles/cvg0666d0xjo?at_medium=RSS&at_campaign=rss,"Fri, 24 Apr 2026 09:07:16 GMT",In photos: North India braces for heatwaves as temperatures cross 40C,"India's weather department has said that parts of northern India, including capital Delhi, are likely to experience heatwaves over the weekend. The warning came after temperatures crossed 40C in some parts of Delhi on Thursday, making it one of the city's hottest days this year. The weather department has also warned of above normal temperatures in some states in central and western India, including Madhya Pradesh and Rajasthan, for the next two to three days. Summers can be deadly in India, whe",['Madhya Pradesh'],-0.5423,"india's weather department has said that parts of northern india, including capital delhi, are likely to experience heatwaves over the weekend. the warning came after temperatures crossed 40c in some parts of delhi on thursday, making it one of the city's hottest days this year. the weather department has also warned of above normal temperatures in some states in central and western india, including madhya pradesh and rajasthan, for the next two to three days. summers can be deadly in india, whe",business,0.4127462,True
230,https://www.bbc.co.uk/sounds/play/w3ct977h?at_medium=RSS&at_campaign=rss,"Thu, 23 Apr 2026 20:00:00 GMT",Can we prevent the next pandemic?," Use BBC.com or the new BBC App to listen to BBC podcasts, Radio 4 and the World Service outside the UK. Find out how to listen to other BBC stations Radio 4,·23 Apr 2026,·28 mins Available for 29 days A phase 3 clinical trial is underway to determine the effectiveness of an mRNA vaccine for H5N1, a strain of influenza that is currently of concern. The virus, which is commonly found in birds across the world and is rarely transmitted to humans. However, when it is transmitted, the disease is oft","['the World Service', 'Radio 4', 'Radio 4,·23', 'BBC', 'BBC App']",-0.0516,"use bbc.com or the new bbc app to listen to bbc podcasts, radio 4 and the world service outside the uk. find out how to listen to other bbc stations radio 4,·23 apr 2026,·28 mins available for 29 days a phase 3 clinical trial is underway to determine the effectiveness of an mrna vaccine for h5n1, a strain of influenza that is currently of concern. the virus, which is commonly found in birds across the world and is rarely transmitted to humans. however, when it is transmitted, the disease is oft",tech,0.13131945,False
231,https://www.bbc.co.uk/sounds/play/w3ct977g?at_medium=RSS&at_campaign=rss,"Thu, 16 Apr 2026 20:00:00 GMT",Forty years on from nuclear disaster," Use BBC.com or the new BBC App to listen to BBC podcasts, Radio 4 and the World Service outside the UK. Find out how to listen to other BBC stations Radio 4,·16 Apr 2026,·28 mins Available for 22 days For 40 years scientists have been fascinated by the exclusion zone surrounding the Chernobyl Nuclear Power Plant in Ukraine. Professor Jim Smith from the University of Portsmouth is one of those scientists, a frequent visitor over the past 20 years. He joins Inside Science to explain whether the r","['the World Service', 'Radio 4', 'the Chernobyl Nuclear Power Plant', 'the University of Portsmouth', 'Inside Science', 'Radio 4,·16', 'BBC', 'BBC App']",0.2263,"use bbc.com or the new bbc app to listen to bbc podcasts, radio 4 and the world service outside the uk. find out how to listen to other bbc stations radio 4,·16 apr 2026,·28 mins available for 22 days for 40 years scientists have been fascinated by the exclusion zone surrounding the chernobyl nuclear power plant in ukraine. professor jim smith from the university of portsmouth is one of those scientists, a frequent visitor over the past 20 years. he joins inside science to explain whether the r",entertainment,0.29562622,False
232,https://www.bbc.co.uk/sounds/play/w3ct977f?at_medium=RSS&at_campaign=rss,"Thu, 09 Apr 2026 20:00:00 GMT",Return to the moon," Use BBC.com or the new BBC App to listen to BBC podcasts, Radio 4 and the World Service outside the UK. Find out how to listen to other BBC stations Radio 4,·09 Apr 2026,·28 mins Available for 15 days This week, humans once again looked down on the magnificent desolation of the lunar surface, from the orbit of the moon itself. They saw earth rise and earth set. They named the craters on the far side. They travelled further from Earth than any human has travelled before. Now, the Artemis mission","['the World Service', 'Radio 4', 'Radio', 'BBC', 'BBC App']",0.5994,"use bbc.com or the new bbc app to listen to bbc podcasts, radio 4 and the world service outside the uk. find out how to listen to other bbc stations radio 4,·09 apr 2026,·28 mins available for 15 days this week, humans once again looked down on the magnificent desolation of the lunar surface, from the orbit of the moon itself. they saw earth rise and earth set. they named the craters on the far side. they travelled further from earth than any human has travelled before. now, the artemis mission",entertainment,0.28060526,False
233,https://www.bbc.co.uk/sounds/play/w3ct977d?at_medium=RSS&at_campaign=rss,"Thu, 02 Apr 2026 20:00:00 GMT",Responding to your science questions," Use BBC.com or the new BBC App to listen to BBC podcasts, Radio 4 and the World Service outside the UK. Find out how to listen to other BBC stations Radio 4,·02 Apr 2026,·28 mins Available for 9 days This week, we’re letting you run the airwaves. Victoria Gill puts your science questions to Catherine Heymans, Astronomer Royal for Scotland and Professor of Astrophysics at the University of Edinburgh, Mark Maslin, Professor of Earth System Science at University College London, and Penny Sarchet, ","['Earth System Science', 'the World Service', 'Radio 4,·02', 'Radio 4', 'University College London', 'the University of Edinburgh', 'BBC', 'BBC App']",0.0,"use bbc.com or the new bbc app to listen to bbc podcasts, radio 4 and the world service outside the uk. find out how to listen to other bbc stations radio 4,·02 apr 2026,·28 mins available for 9 days this week, we’re letting you run the airwaves. victoria gill puts your science questions to catherine heymans, astronomer royal for scotland and professor of astrophysics at the university of edinburgh, mark maslin, professor of earth system science at university college london, and penny sarchet,",entertainment,0.13131945,False
234,https://www.bbc.com/news/articles/cj0vyzmmy50o?at_medium=RSS&at_campaign=rss,"Sun, 05 Apr 2026 23:02:53 GMT",The 40 minutes when the Artemis crew loses contact with the Earth,"No-one will have been further from home than the Artemis astronauts. But as the Earth shrinks ever smaller in their rear-view mirror, they've had a constant connection with mission control in Houston, Texas. The calm words from the Nasa team have given the crew a comforting link with home. That link is about to be lost. As the astronauts pass behind the Moon at about 23:47 BST (18:47 EDT) on Monday, the radio and laser signals that allow the back-and-forth communication between the spacecraft an",['Nasa'],0.7096,"no-one will have been further from home than the artemis astronauts. but as the earth shrinks ever smaller in their rear-view mirror, they've had a constant connection with mission control in houston, texas. the calm words from the nasa team have given the crew a comforting link with home. that link is about to be lost. as the astronauts pass behind the moon at about 23:47 bst (18:47 edt) on monday, the radio and laser signals that allow the back-and-forth communication between the spacecraft an",sport,0.3232403,False
235,https://www.bbc.co.uk/sounds/play/w3ct98jx?at_medium=RSS&at_campaign=rss,"Thu, 02 Apr 2026 23:30:00 GMT","Jeremy Hansen, astronaut: Moon mission shows best of humanity"," Use BBC.com or the new BBC App to listen to BBC podcasts, Radio 4 and the World Service outside the UK. Find out how to listen to other BBC stations World Service,·03 Apr 2026,·22 mins Available for over a year “I hope humanity will stop for a moment when four humans are on the far side of the moon and be reminded that we can do a better job as humans of just lifting each other up. Not destroying, but creating together.”

Rebecca Morelle and Tim Peake speak to Canadian astronaut Jeremy Hansen a","['BBC', 'Radio 4', 'BBC App', 'the World Service']",0.2335,"use bbc.com or the new bbc app to listen to bbc podcasts, radio 4 and the world service outside the uk. find out how to listen to other bbc stations world service,·03 apr 2026,·22 mins available for over a year “i hope humanity will stop for a moment when four humans are on the far side of the moon and be reminded that we can do a better job as humans of just lifting each other up. not destroying, but creating together.”

rebecca morelle and tim peake speak to canadian astronaut jeremy hansen a",tech,0.29776075,False
236,https://www.bbc.com/news/articles/cd6wp6xenv0o?at_medium=RSS&at_campaign=rss,"Sun, 29 Mar 2026 23:50:21 GMT","First stop, the Moon. Next stop, Mars? Why Nasa's mission matters","Nasa's Artemis II mission is sending four astronauts on their way to the Moon. Their voyage around our nearest neighbour will pave the way for a lunar landing and, eventually, a Moon base. The Artemis programme has taken years of work, involved thousands of people and is estimated to have cost $93bn to date. But for some, there's a distinct feeling of ""been there, done that"". More than 50 years ago, America's Apollo missions made history when the first people set foot on the lunar surface. With ","['Apollo', 'Nasa', 'Artemis']",0.1901,"nasa's artemis ii mission is sending four astronauts on their way to the moon. their voyage around our nearest neighbour will pave the way for a lunar landing and, eventually, a moon base. the artemis programme has taken years of work, involved thousands of people and is estimated to have cost $93bn to date. but for some, there's a distinct feeling of ""been there, done that"". more than 50 years ago, america's apollo missions made history when the first people set foot on the lunar surface. with",tech,0.18191488,False
237,https://www.bbc.com/news/articles/c4g8qp42rq6o?at_medium=RSS&at_campaign=rss,"Thu, 12 Mar 2026 21:21:11 GMT",Artemis II: Nasa targets early April for Moon mission,"Nasa says it's on track to launch its Artemis II mission in early April, which will see astronauts fly around the Moon for the first time in more than 50 years. The rocket had been set to blast off in March, but after a helium leak was discovered it was returned to the Vehicle Assembly Building in Cape Canaveral, Florida, for repairs. Nasa says it's confident the problem is fixed, and is planning to roll the rocket back out to the launchpad on 19 March, with the earliest possible launch date of ","['Nasa', 'Artemis', 'the Vehicle Assembly Building']",-0.3291,"nasa says it's on track to launch its artemis ii mission in early april, which will see astronauts fly around the moon for the first time in more than 50 years. the rocket had been set to blast off in march, but after a helium leak was discovered it was returned to the vehicle assembly building in cape canaveral, florida, for repairs. nasa says it's confident the problem is fixed, and is planning to roll the rocket back out to the launchpad on 19 march, with the earliest possible launch date of",business,0.2808523,False
238,https://www.bbc.com/news/articles/c86ey5n9vx9o?at_medium=RSS&at_campaign=rss,"Wed, 15 Apr 2026 23:20:22 GMT",Why cheap power could matter more than clean power in the push for net zero,"""I'm an early adopter of new technology,"" says Gavin Tait, a 69-year-old from Glasgow, with a hint of pride. So when he received a lump sum on retirement a decade or so ago, he invested in renewable energy: solar panels on the roof, a home battery and a heat pump. ""It seemed like a no-brainer,"" he recalls. ""I could save money and help the environment - why wouldn't I?"" At first, it worked. His well-insulated home stayed warm and his energy bills fell. But over the past couple of winters, things ",[],0.7876,"""i'm an early adopter of new technology,"" says gavin tait, a 69-year-old from glasgow, with a hint of pride. so when he received a lump sum on retirement a decade or so ago, he invested in renewable energy: solar panels on the roof, a home battery and a heat pump. ""it seemed like a no-brainer,"" he recalls. ""i could save money and help the environment - why wouldn't i?"" at first, it worked. his well-insulated home stayed warm and his energy bills fell. but over the past couple of winters, things",sport,0.40315405,False
239,https://www.bbc.com/news/articles/czr0zmzzp84o?at_medium=RSS&at_campaign=rss,"Wed, 18 Mar 2026 19:40:16 GMT","Higgs boson breakthrough was UK triumph, but British physics faces 'catastrophic' cuts","When the Nobel Prize in Physics was announced in Stockholm in October 2013, the world was watching. Among the names read out was Prof Peter Higgs, the British theorist who, nearly half a century earlier, had predicted the existence of a particle believed to hold the cosmos together – the Higgs boson. The announcement, broadcast live from Sweden, was what many scientists had hoped for since a year earlier, when experiments at CERN had finally confirmed Higgs's theory by discovering the Higgs boso",['CERN'],0.7096,"when the nobel prize in physics was announced in stockholm in october 2013, the world was watching. among the names read out was prof peter higgs, the british theorist who, nearly half a century earlier, had predicted the existence of a particle believed to hold the cosmos together – the higgs boson. the announcement, broadcast live from sweden, was what many scientists had hoped for since a year earlier, when experiments at cern had finally confirmed higgs's theory by discovering the higgs boso",entertainment,0.090125516,False
240,https://www.bbc.com/news/articles/crrnyg9e91jo?at_medium=RSS&at_campaign=rss,"Fri, 13 Feb 2026 00:01:47 GMT",The science of soulmates: Is there someone out there exactly right for you?,"Listen to Pallab read this article On Valentine's Day, there's the temptation to believe that somewhere out there is ""The One"": a soulmate, a perfect match, the person you were meant to be with. Across history, humans have always been drawn to the idea that love isn't random. In ancient Greece, Plato imagined that we were once whole beings with four arms, four legs and two faces, so radiant that Zeus split us in two; ever since, each half has roamed the earth searching for its missing other, a m",['Pallab'],0.9392,"listen to pallab read this article on valentine's day, there's the temptation to believe that somewhere out there is ""the one"": a soulmate, a perfect match, the person you were meant to be with. across history, humans have always been drawn to the idea that love isn't random. in ancient greece, plato imagined that we were once whole beings with four arms, four legs and two faces, so radiant that zeus split us in two; ever since, each half has roamed the earth searching for its missing other, a m",sport,0.09481226,False
241,https://www.bbc.com/news/articles/ckg936l88e7o?at_medium=RSS&at_campaign=rss,"Fri, 02 Jan 2026 15:47:15 GMT",The debate about whether the NHS should use magic mushrooms to treat depression,"Listen to Pallab read this article Larissa Hope believes psilocybin, the active ingredient in magic mushrooms, helped her through a difficult mental health condition. Back when she was 17 and starting out as an actress, she was cast in the TV drama Skins, but the new-found fame brought out a previously buried trauma. She didn't find antidepressants effective - but that small dose of psilocybin, which she took under clinical supervision, marked a turning point. ""When I experienced it, I burst out",['Pallab'],-0.2803,"listen to pallab read this article larissa hope believes psilocybin, the active ingredient in magic mushrooms, helped her through a difficult mental health condition. back when she was 17 and starting out as an actress, she was cast in the tv drama skins, but the new-found fame brought out a previously buried trauma. she didn't find antidepressants effective - but that small dose of psilocybin, which she took under clinical supervision, marked a turning point. ""when i experienced it, i burst out",entertainment,0.22820391,False
242,https://www.bbc.com/news/articles/c205jvyg3wjo?at_medium=RSS&at_campaign=rss,"Mon, 10 Nov 2025 00:09:19 GMT","COP30: Trump and many leaders are skipping it, so does the summit still have a point?","There is a photograph, taken ten years ago in Paris, that today seems like something of a relic. In it, dozens of men and women line up in dark suits, in front of an enormous sign that reads COP21 Paris.  Right in the middle the UK's then-Prime Minister, David Cameron, grins widely, as he stands beside the future King Charles III, just in front of China’s Xi Jinping. Far off to the right is the then US President Barack Obama, deep in conversation with someone who is cut off from the frame - beca",[],0.3182,"there is a photograph, taken ten years ago in paris, that today seems like something of a relic. in it, dozens of men and women line up in dark suits, in front of an enormous sign that reads cop21 paris.  right in the middle the uk's then-prime minister, david cameron, grins widely, as he stands beside the future king charles iii, just in front of china’s xi jinping. far off to the right is the then us president barack obama, deep in conversation with someone who is cut off from the frame - beca",business,0.21690823,False
243,https://www.bbc.com/news/articles/c20q07w3gl9o?at_medium=RSS&at_campaign=rss,"Mon, 27 Apr 2026 07:34:48 GMT",UK healthy life expectancy falls by two years in past decade,"The number of years people in the UK spend in good health is falling, according to a new report. Over the past decade healthy life expectancy (HLE) has dropped by around two years to just under 61 for both men and women. The UK is one of only five of the richest 21 countries to see HLE decline and its fall was the second steepest. The Health Foundation, which produced the analysis, said there was a significant economic cost to this trend and the findings should act as a watershed moment. It said","['The Health Foundation', 'HLE']",0.8591,"the number of years people in the uk spend in good health is falling, according to a new report. over the past decade healthy life expectancy (hle) has dropped by around two years to just under 61 for both men and women. the uk is one of only five of the richest 21 countries to see hle decline and its fall was the second steepest. the health foundation, which produced the analysis, said there was a significant economic cost to this trend and the findings should act as a watershed moment. it said",business,0.26318666,False
244,https://www.bbc.com/news/articles/c1w4wyz0d8vo?at_medium=RSS&at_campaign=rss,"Mon, 27 Apr 2026 11:46:00 GMT",Care home manager struck off over 'horrific' restraining of disabled person,"A care home manager in Ayrshire has been struck off after inappropriately and unnecessarily restraining a disabled person for a vaccine injection. A tribunal hearing heard that Janette Donnelly's use of force was ""horrific"" and resulted in scenes of chaos at Millport Care Centre on 19 February 2021. The jab ended up being administered through the resident's clothes, following which Donnelly told a colleague that she would not report that it had been injected that way. The Nursing and Midwifery C","['Millport Care Centre', 'Donnelly']",0.1779,"a care home manager in ayrshire has been struck off after inappropriately and unnecessarily restraining a disabled person for a vaccine injection. a tribunal hearing heard that janette donnelly's use of force was ""horrific"" and resulted in scenes of chaos at millport care centre on 19 february 2021. the jab ended up being administered through the resident's clothes, following which donnelly told a colleague that she would not report that it had been injected that way. the nursing and midwifery c",sport,0.18131526,False
245,https://www.bbc.com/news/articles/cgk0vz5e2zxo?at_medium=RSS&at_campaign=rss,"Fri, 24 Apr 2026 16:29:30 GMT",Assisted dying bill runs out of time but supporters vow to try again,"A proposed law to legalise assisted dying in England and Wales has run out of time to become law, almost 17 months after MPs first voted in favour of it. The bill stalled in the House of Lords after the House of Commons supported allowing terminally ill adults expected to die within six months to seek medical help to end their life, subject to certain safeguards. But supporters said they would not give up and were confident the legislation would return in the next session of Parliament, which wi","['the House of Lords', 'Parliament', 'the House of Commons']",0.8779,"a proposed law to legalise assisted dying in england and wales has run out of time to become law, almost 17 months after mps first voted in favour of it. the bill stalled in the house of lords after the house of commons supported allowing terminally ill adults expected to die within six months to seek medical help to end their life, subject to certain safeguards. but supporters said they would not give up and were confident the legislation would return in the next session of parliament, which wi",politics,0.12887204,False
246,https://www.bbc.com/news/articles/cm2r70gwkjjo?at_medium=RSS&at_campaign=rss,"Thu, 23 Apr 2026 00:35:10 GMT",'My baby scratches and scratches': Families say their homes are making their children sick,"""I just need enough space for my family."" Nestere Yehdego, 31, his wife and their two daughters aged four and one are squashed together in a one-bedroom flat in Slough. He says the cramped conditions have made life extremely difficult for his family. ""My first child can't sleep well, as the younger one normally wakes her up three or four times a night by crying or making noise. ""She is going to school next year and I'm worried because if she doesn't sleep enough she will be tired,"" Yehdego says.",[],-0.8363,"""i just need enough space for my family."" nestere yehdego, 31, his wife and their two daughters aged four and one are squashed together in a one-bedroom flat in slough. he says the cramped conditions have made life extremely difficult for his family. ""my first child can't sleep well, as the younger one normally wakes her up three or four times a night by crying or making noise. ""she is going to school next year and i'm worried because if she doesn't sleep enough she will be tired,"" yehdego says.",sport,0.19787687,False
247,https://www.bbc.com/news/articles/ce35x8759zzo?at_medium=RSS&at_campaign=rss,"Thu, 23 Apr 2026 07:53:39 GMT","Girl, 6, has sight restored through gene therapy","The mother of a six-year-old girl who had life-changing eye gene therapy says it is ""like someone waved a magic wand and restored her sight in the dark"". Saffie Sandford, from Stevenage, has the rare inherited condition Leber's Congenital Amaurosis (LCA), which prevents cells in the eye from making a specific protein needed for normal vision. After tests were carried out at Moorfields Eye Hospital in London, she was treated at Great Ormond Street Hospital (GOSH) and underwent Luxturna therapy. H","['LCA', ""Leber's Congenital Amaurosis"", 'Stevenage', 'Moorfields Eye Hospital']",0.8834,"the mother of a six-year-old girl who had life-changing eye gene therapy says it is ""like someone waved a magic wand and restored her sight in the dark"". saffie sandford, from stevenage, has the rare inherited condition leber's congenital amaurosis (lca), which prevents cells in the eye from making a specific protein needed for normal vision. after tests were carried out at moorfields eye hospital in london, she was treated at great ormond street hospital (gosh) and underwent luxturna therapy. h",sport,0.2546793,False
248,https://www.bbc.com/news/articles/cdxd0xxp0jko?at_medium=RSS&at_campaign=rss,"Thu, 23 Apr 2026 13:32:04 GMT",Trump administration reclassifies cannabis as less dangerous,"The US Department of Justice has officially reclassified cannabis as less dangerous, marking a major shift in the country's drug policy. Acting Attorney General Todd Blanche on Thursday changed the classifications of products containing marijuana that are covered by the Food and Drug Administration or that have received a state medical-marijuana licence. They will move from a Schedule I narcotic like heroin to a Schedule III drug - on par with Tylenol with codeine. He also called a hearing to co","['The US Department of Justice', 'Tylenol', 'Schedule III', 'the Food and Drug Administration']",-0.0276,"the us department of justice has officially reclassified cannabis as less dangerous, marking a major shift in the country's drug policy. acting attorney general todd blanche on thursday changed the classifications of products containing marijuana that are covered by the food and drug administration or that have received a state medical-marijuana licence. they will move from a schedule i narcotic like heroin to a schedule iii drug - on par with tylenol with codeine. he also called a hearing to co",business,0.19734368,False
249,https://www.bbc.com/news/articles/cvglqw709k1o?at_medium=RSS&at_campaign=rss,"Wed, 22 Apr 2026 17:08:36 GMT",Your pint could come with a surprising health benefit,"Drinking the odd pint of beer can provide ""substantial levels"" of an essential brain-boosting vitamin in your diet, according to new research in a respected journal.  The vitamin B6 is good for the brain, blood and immune system and is found in a wide variety of foods. A beer ""serving"" might meet around 15% of your daily B6 requirement, the authors say, and even alcohol-free lager could have the same effect. Many of the raw ingredients used to make beer, including barley, wheat and brewer's yeas",[],0.8779,"drinking the odd pint of beer can provide ""substantial levels"" of an essential brain-boosting vitamin in your diet, according to new research in a respected journal.  the vitamin b6 is good for the brain, blood and immune system and is found in a wide variety of foods. a beer ""serving"" might meet around 15% of your daily b6 requirement, the authors say, and even alcohol-free lager could have the same effect. many of the raw ingredients used to make beer, including barley, wheat and brewer's yeas",business,0.11395538,False
250,https://www.bbc.com/news/articles/c5ylnvpg3l9o?at_medium=RSS&at_campaign=rss,"Thu, 23 Apr 2026 11:22:18 GMT",Senior Lucy Letby hospital boss arrested,A senior healthcare boss who worked at the hospital where nurse Lucy Letby murdered seven babies has been arrested on suspicion of perverting the course of justice. Cheshire Police said they were held then bailed after a search of a property on Wednesday as part of a wider investigation into senior leadership at the Countess of Chester Hospital. It is part of the force's ongoing Operation Duet - two separate investigations into corporate manslaughter and gross negligence manslaughter at the hosp,"['Operation Duet - two', 'Chester Hospital']",-0.8957,a senior healthcare boss who worked at the hospital where nurse lucy letby murdered seven babies has been arrested on suspicion of perverting the course of justice. cheshire police said they were held then bailed after a search of a property on wednesday as part of a wider investigation into senior leadership at the countess of chester hospital. it is part of the force's ongoing operation duet - two separate investigations into corporate manslaughter and gross negligence manslaughter at the hosp,business,0.18827622,False
251,https://www.bbc.com/news/articles/c62l429w2pko?at_medium=RSS&at_campaign=rss,"Thu, 23 Apr 2026 04:59:56 GMT","High Street mini-marts selling cocaine, cannabis and prescription drugs, BBC secret filming reveals","Cocaine, cannabis, laughing gas and prescription pills are being offered for sale in mini-marts on UK High Streets, a BBC investigation can reveal. They were readily offered to our undercover researchers who secretly filmed in shops across four neighbouring West Midlands towns. One street we visited was described as ""lawless"" by an anonymous law enforcement source. Just a few miles away, in a town where we found illegal drugs being sold in shops, legitimate businesses told us they had been intim","['Cocaine', 'BBC']",-0.1027,"cocaine, cannabis, laughing gas and prescription pills are being offered for sale in mini-marts on uk high streets, a bbc investigation can reveal. they were readily offered to our undercover researchers who secretly filmed in shops across four neighbouring west midlands towns. one street we visited was described as ""lawless"" by an anonymous law enforcement source. just a few miles away, in a town where we found illegal drugs being sold in shops, legitimate businesses told us they had been intim",business,0.22942339,False
252,https://www.bbc.com/news/articles/cn4vkk91yp4o?at_medium=RSS&at_campaign=rss,"Thu, 23 Apr 2026 11:52:58 GMT",I'm on six different NHS waiting lists - it's taking over my life,"Amy-Jane Davies is on six NHS waiting lists and says constantly chasing for updates is taking over her life. She's waited 21 months for gynaecological surgery, which she said will likely result in her being referred for a more specialist operation - meaning another waiting list. Amy-Jane, who has endometriosis, is one of 43,120 on a gynaecology waiting list in Wales and one of 687,958 waiting for any type of treatment. She said her condition had affected her life in ways she ""didn't imagine"", fr","['Amy-Jane Davies', 'NHS']",-0.1531,"amy-jane davies is on six nhs waiting lists and says constantly chasing for updates is taking over her life. she's waited 21 months for gynaecological surgery, which she said will likely result in her being referred for a more specialist operation - meaning another waiting list. amy-jane, who has endometriosis, is one of 43,120 on a gynaecology waiting list in wales and one of 687,958 waiting for any type of treatment. she said her condition had affected her life in ways she ""didn't imagine"", fr",sport,0.15049985,False
253,https://www.bbc.com/news/articles/c5y8pxpj5q5o?at_medium=RSS&at_campaign=rss,"Thu, 23 Apr 2026 05:03:18 GMT",'Toxic culture' at NHS trust left staff suicidal,"""It was toxic from start to finish – you tried to avoid certain people but because you work with them you couldn't, they were always there,"" says former NHS worker Harvey Cooper. He is one of several former Portsmouth Hospitals University Trust (PHU) staff members who have spoken to the BBC as part of an investigation into an alleged culture of workplace bullying and harassment. The allegations span the past decade and include a ""flawed and unfair"" internal investigation that contributed to A&E ","['A&E', 'PHU', 'NHS', 'BBC', 'Portsmouth Hospitals University Trust']",-0.8968,"""it was toxic from start to finish – you tried to avoid certain people but because you work with them you couldn't, they were always there,"" says former nhs worker harvey cooper. he is one of several former portsmouth hospitals university trust (phu) staff members who have spoken to the bbc as part of an investigation into an alleged culture of workplace bullying and harassment. the allegations span the past decade and include a ""flawed and unfair"" internal investigation that contributed to a&e",sport,0.38199538,False
254,https://www.bbc.com/news/articles/ckgzdqy27zjo?at_medium=RSS&at_campaign=rss,"Thu, 23 Apr 2026 05:05:11 GMT",'I gave up my job due to the stress of my child's food allergies',"A mother has said she felt forced to give up her job to look after her daughter due to the ""horrific ongoing stress"" of living with the five-year-old's life-threatening food allergies.  Katy, from Cornwall, said she thought she was going to lose Molly when she suffered a severe allergic reaction while on a family holiday in Italy, aged one. After eating a meal at a restaurant, Molly ""started getting really lethargic, then just went floppy"", Katy recalled. ""We were terrified... We just ran throug",[],-0.9623,"a mother has said she felt forced to give up her job to look after her daughter due to the ""horrific ongoing stress"" of living with the five-year-old's life-threatening food allergies.  katy, from cornwall, said she thought she was going to lose molly when she suffered a severe allergic reaction while on a family holiday in italy, aged one. after eating a meal at a restaurant, molly ""started getting really lethargic, then just went floppy"", katy recalled. ""we were terrified... we just ran throug",sport,0.24712011,False
255,https://www.bbc.com/news/articles/c4g6q2dmlgro?at_medium=RSS&at_campaign=rss,"Thu, 23 Apr 2026 04:45:37 GMT",Why can't newly qualified midwives get jobs?,"Newly qualified midwives are being pushed into lower‑paid work outside the NHS, despite repeated warnings about ""chronic"" understaffing in maternity services, campaigners say. Some told the BBC they were working as receptionists or administrators because the number of advertised posts did not match the numbers being trained. Students and graduates are now protesting under a campaign, Fund Future Midwives UK, with demonstrations already held in Norwich, Manchester and Birmingham. The government s","['BBC', 'Fund Future Midwives', 'NHS']",-0.1561,"newly qualified midwives are being pushed into lower‑paid work outside the nhs, despite repeated warnings about ""chronic"" understaffing in maternity services, campaigners say. some told the bbc they were working as receptionists or administrators because the number of advertised posts did not match the numbers being trained. students and graduates are now protesting under a campaign, fund future midwives uk, with demonstrations already held in norwich, manchester and birmingham. the government s",politics,0.34343496,False
256,https://www.bbc.com/news/articles/cn08jy6w0l5o?at_medium=RSS&at_campaign=rss,"Tue, 21 Apr 2026 11:39:52 GMT",Smoking ban for people born after 2008 in the UK agreed,"Children aged 17 or younger will face a lifelong ban on buying cigarettes, as the Tobacco and Vapes Bill clears Parliament. Both the Commons and Lords have settled on a final draft of the ""landmark"" legislation that aims to stop anyone born after 1 January 2009 from taking up smoking by making it illegal for shops to sell them tobacco, to create a smoke-free generation.  When it gets royal assent, ministers will also have new powers to regulate tobacco, vaping and nicotine products, including th","['Tobacco', 'Parliament', 'the Commons and Lords']",-0.7906,"children aged 17 or younger will face a lifelong ban on buying cigarettes, as the tobacco and vapes bill clears parliament. both the commons and lords have settled on a final draft of the ""landmark"" legislation that aims to stop anyone born after 1 january 2009 from taking up smoking by making it illegal for shops to sell them tobacco, to create a smoke-free generation.  when it gets royal assent, ministers will also have new powers to regulate tobacco, vaping and nicotine products, including th",business,0.21218792,False
257,https://www.bbc.com/news/articles/cyv1zz66074o?at_medium=RSS&at_campaign=rss,"Wed, 22 Apr 2026 13:48:08 GMT",Breast cancer type study 'critically under-funded',"Silent vigils have been held by groups of women campaigning for more funding for lobular breast cancer research. Katie Swinburne, 50, from near Barnard Castle in County Durham, said when she was diagnosed in 2023 she underwent a treatment programme which was tailored for the more common type - ductal breast cancer. Research group, the Lobular Moon Shot Project, is calling on the government to fund a £20m research project into the basic biology of the disease. A government spokesperson said they ",['the Lobular Moon Shot Project'],-0.8689,"silent vigils have been held by groups of women campaigning for more funding for lobular breast cancer research. katie swinburne, 50, from near barnard castle in county durham, said when she was diagnosed in 2023 she underwent a treatment programme which was tailored for the more common type - ductal breast cancer. research group, the lobular moon shot project, is calling on the government to fund a £20m research project into the basic biology of the disease. a government spokesperson said they",business,0.17410782,False
258,https://www.bbc.com/news/articles/cqj8kk0z0l5o?at_medium=RSS&at_campaign=rss,"Wed, 22 Apr 2026 10:41:51 GMT",Hay fever misery does last longer - here is how to cope,"Hay fever sufferers must now put up with symptoms for up to two weeks longer than they would have done in the 1990s, according to a major review. A new report by 65 scientists from around the world found that climate change has ""prolonged the pollen season"".  The fine powder released by certain grasses, trees and plants can cause chaos for those who are allergic, with itchy eyes, sneezing and headaches all common symptoms. So what does this mean for millions of people living with hay fever, and ",[],-0.8176,"hay fever sufferers must now put up with symptoms for up to two weeks longer than they would have done in the 1990s, according to a major review. a new report by 65 scientists from around the world found that climate change has ""prolonged the pollen season"".  the fine powder released by certain grasses, trees and plants can cause chaos for those who are allergic, with itchy eyes, sneezing and headaches all common symptoms. so what does this mean for millions of people living with hay fever, and",tech,0.40002927,False
259,https://www.bbc.com/news/articles/cy41z0yj8mjo?at_medium=RSS&at_campaign=rss,"Tue, 21 Apr 2026 23:00:08 GMT",Bird flu vaccine trial against potential pandemic strain begins,"The first volunteers in the UK have been immunised with a vaccine to protect against a potential bird flu pandemic. The vaccine targets the H5N1 flu strain which has caused devastating infections in bird populations worldwide and has spread to some mammals. The threat to humans is currently low, says the UK Health Security Agency, with almost all human cases linked to close contact with infected animals. The vaccine uses the same mRNA technology used in current Covid jabs, with scientists saying",['the UK Health Security Agency'],-0.9246,"the first volunteers in the uk have been immunised with a vaccine to protect against a potential bird flu pandemic. the vaccine targets the h5n1 flu strain which has caused devastating infections in bird populations worldwide and has spread to some mammals. the threat to humans is currently low, says the uk health security agency, with almost all human cases linked to close contact with infected animals. the vaccine uses the same mrna technology used in current covid jabs, with scientists saying",business,0.22233768,False
260,https://www.bbc.com/news/articles/cy8pzm32n5zo?at_medium=RSS&at_campaign=rss,"Tue, 21 Apr 2026 13:14:32 GMT",Rogue sperm donor who says he's fathered 180 children won't be on child's birth certificate,"A prolific sperm donor who claims to have fathered 180 children around the world will not be able to have his name on one of his children's birth certificates. Robert Albon, who calls himself Joe Donor and advertises on Facebook and Instagram, offers sperm donation in several unlicensed ways. He made a declaration of parentage application to the Family Court after discovering a couple he donated sperm to had named the mother's partner as the father on the baby's birth certificate. The Family Cou",['the Family Court'],0.0,"a prolific sperm donor who claims to have fathered 180 children around the world will not be able to have his name on one of his children's birth certificates. robert albon, who calls himself joe donor and advertises on facebook and instagram, offers sperm donation in several unlicensed ways. he made a declaration of parentage application to the family court after discovering a couple he donated sperm to had named the mother's partner as the father on the baby's birth certificate. the family cou",entertainment,0.16071683,False
261,https://www.bbc.com/news/articles/clyepyy82kxo?at_medium=RSS&at_campaign=rss,"Sat, 18 Apr 2026 23:04:43 GMT",Should you really trust health advice from an AI chatbot?,"For the past year, Abi has been using ChatGPT – one of the best known AI chatbots – to help manage her health. The appeal is clear. It can feel impossible to get hold of a GP and artificial intelligence is always ready to answer your questions. And AI has comfortably passed some medical exams.  So should we trust the likes of ChatGPT, Gemini and Grok? Is using them any different to an old-fashioned internet search? Or, as some experts fear – are chatbots getting things dangerously wrong, putting",['GP'],0.9363,"for the past year, abi has been using chatgpt – one of the best known ai chatbots – to help manage her health. the appeal is clear. it can feel impossible to get hold of a gp and artificial intelligence is always ready to answer your questions. and ai has comfortably passed some medical exams.  so should we trust the likes of chatgpt, gemini and grok? is using them any different to an old-fashioned internet search? or, as some experts fear – are chatbots getting things dangerously wrong, putting",tech,0.1284849,False
262,https://www.bbc.com/news/articles/ce3578g32d0o?at_medium=RSS&at_campaign=rss,"Fri, 17 Apr 2026 23:16:33 GMT",'I'm the lucky one' - more than one in three young men now live with their parents,"More than one in three young men in the UK were living with their parents in 2025, up from 26% in 2000, according to data from the Office for National Statistics (ONS). The increase is being driven by high renting costs and rising house prices, recent studies suggest. The data shows 35% of young men aged 20-35 were living with their parents - more than young women (22%), although the rate in both groups has been increasing. In separate research, the statistics body found the rising cost of livin","['the Office for National Statistics', 'ONS']",0.3182,"more than one in three young men in the uk were living with their parents in 2025, up from 26% in 2000, according to data from the office for national statistics (ons). the increase is being driven by high renting costs and rising house prices, recent studies suggest. the data shows 35% of young men aged 20-35 were living with their parents - more than young women (22%), although the rate in both groups has been increasing. in separate research, the statistics body found the rising cost of livin",business,0.2566752,False
263,https://www.bbc.com/news/articles/c2488mn4r4po?at_medium=RSS&at_campaign=rss,"Tue, 21 Apr 2026 05:17:51 GMT",'Why is the NHS funding students if it can't give them jobs?' Anger over recruitment freeze,"""A career for life"" - this is what many students were told when applying for healthcare degrees. But a week ago, a trainee paramedic spoke to the BBC about how she is now looking for work abroad because of a recruitment freeze in Wales.  The story resonated with many people, and dozens studying midwifery, physiotherapy, nursing and other healthcare degrees got in touch, saying they too felt they had been left in limbo.  It has now been announced university-run paramedic courses in Wales will be ",['BBC'],0.0772,"""a career for life"" - this is what many students were told when applying for healthcare degrees. but a week ago, a trainee paramedic spoke to the bbc about how she is now looking for work abroad because of a recruitment freeze in wales.  the story resonated with many people, and dozens studying midwifery, physiotherapy, nursing and other healthcare degrees got in touch, saying they too felt they had been left in limbo.  it has now been announced university-run paramedic courses in wales will be",sport,0.16105323,False
264,https://www.bbc.com/news/articles/c3wlpw3l03qo?at_medium=RSS&at_campaign=rss,"Fri, 17 Apr 2026 10:47:31 GMT",Mental health support to be offered to people with diabetes in UK first,"Warning: This story contains discussion of mental health struggles including self harm and suicidal thoughts A woman with type 1 diabetes says she was left feeling as though her two young daughters ""would be fine if they didn't have me"" during her struggle with depression. Naomi Durham, from Cardiff, experienced severe post-natal depression after the birth of her second daughter during the Covid pandemic. Diabetes UK says people with the condition are twice as likely to have depression, with sha",[],-0.979,"warning: this story contains discussion of mental health struggles including self harm and suicidal thoughts a woman with type 1 diabetes says she was left feeling as though her two young daughters ""would be fine if they didn't have me"" during her struggle with depression. naomi durham, from cardiff, experienced severe post-natal depression after the birth of her second daughter during the covid pandemic. diabetes uk says people with the condition are twice as likely to have depression, with sha",sport,0.17339718,False
265,https://www.bbc.com/news/articles/cgrlperqkjgo?at_medium=RSS&at_campaign=rss,"Fri, 17 Apr 2026 18:48:19 GMT",Three young people contract meningitis in Weymouth,"Three young people have contracted meningitis in a Dorset town in recent weeks, health bosses have said. Two are pupils at Budmouth Academy, Weymouth, and the other attends Wey Valley Academy, according to the UK Health Security Agency (UKHSA). It said the cases were confirmed between 20 March and 15 April and were not linked to the deadly Kent outbreak. All pupils in years 7 to 13 in Weymouth, Portland and Chickerell are to be offered antibiotics and the MenB vaccination. The agency said there ","['UKHSA', 'Dorset', 'Wey Valley Academy', 'Chickerell', 'the UK Health Security Agency', 'Budmouth Academy']",0.34,"three young people have contracted meningitis in a dorset town in recent weeks, health bosses have said. two are pupils at budmouth academy, weymouth, and the other attends wey valley academy, according to the uk health security agency (ukhsa). it said the cases were confirmed between 20 march and 15 april and were not linked to the deadly kent outbreak. all pupils in years 7 to 13 in weymouth, portland and chickerell are to be offered antibiotics and the menb vaccination. the agency said there",business,0.13889,False
266,https://www.bbc.com/news/articles/c30r2v68lg8o?at_medium=RSS&at_campaign=rss,"Thu, 16 Apr 2026 17:55:15 GMT",Lawmakers clash with RFK Jr as he shifts focus away from vaccines,"Lawmakers grilled Robert F Kennedy Jr's handling of the worst measles outbreak in decades, as the US health secretary tried to shift focus away from his vaccine stances during his first hearing before Congress in months. Democrats from the House Ways & Means Committee accused Kennedy of bungling the response to measles and undermining the safety of childhood immunisations.  Kennedy did not discuss his vaccine agenda, instead focusing on ""ending the era of federal policies that fuelled the chroni","['the House Ways & Means Committee', 'Congress']",-0.7184,"lawmakers grilled robert f kennedy jr's handling of the worst measles outbreak in decades, as the us health secretary tried to shift focus away from his vaccine stances during his first hearing before congress in months. democrats from the house ways & means committee accused kennedy of bungling the response to measles and undermining the safety of childhood immunisations.  kennedy did not discuss his vaccine agenda, instead focusing on ""ending the era of federal policies that fuelled the chroni",business,0.14028394,False
267,https://www.bbc.com/news/articles/cql77wlqlx7o?at_medium=RSS&at_campaign=rss,"Thu, 16 Apr 2026 08:01:52 GMT","Breakthrough £90,000 Alzheimer's drugs unlikely to benefit patients, report suggests","Influential analysis has concluded that ""breakthrough"" Alzheimer's drugs are unlikely to benefit patients. Researchers said the impact was ""well below"" what was needed to make a difference to dementia patients' lives. However, their report has also provoked a vicious backlash from equally esteemed scientists who label it as fundamentally flawed. The drugs have been licensed around the world. But the NHS in the UK won't pay for them and an 18-month course of the drugs plus medical care would set ",['NHS'],0.8357,"influential analysis has concluded that ""breakthrough"" alzheimer's drugs are unlikely to benefit patients. researchers said the impact was ""well below"" what was needed to make a difference to dementia patients' lives. however, their report has also provoked a vicious backlash from equally esteemed scientists who label it as fundamentally flawed. the drugs have been licensed around the world. but the nhs in the uk won't pay for them and an 18-month course of the drugs plus medical care would set",business,0.27761477,False
268,https://www.bbc.com/news/articles/cn0qyl4ljjko?at_medium=RSS&at_campaign=rss,"Tue, 14 Apr 2026 07:04:33 GMT",Why did resident doctors go on strike and how much are they paid?,"Resident doctors in England have returned to work after their 15th walkout in a long-running pay dispute. The BMA, which represents doctors, says not enough has been done to address concerns about pay and job shortages, while the government says their expectations are unreasonable and unrealistic. The NHS urged patients not to put off seeking help during the latest six-day strike, telling those with emergency and urgent needs to use 999 and 111 as normal. Resident doctors are qualified doctors w","['BMA', 'NHS']",-0.7184,"resident doctors in england have returned to work after their 15th walkout in a long-running pay dispute. the bma, which represents doctors, says not enough has been done to address concerns about pay and job shortages, while the government says their expectations are unreasonable and unrealistic. the nhs urged patients not to put off seeking help during the latest six-day strike, telling those with emergency and urgent needs to use 999 and 111 as normal. resident doctors are qualified doctors w",business,0.089884825,False
269,https://www.bbc.com/news/articles/cly6xjpx6gjo?at_medium=RSS&at_campaign=rss,"Fri, 10 Apr 2026 23:41:47 GMT",Hundreds contact BBC about mystery skin condition 'hell' - but doctors can't agree it exists,"Two weeks ago, I wrote a BBC News article about the impact of a severe and often misunderstood skin condition many people have been sharing on social media, called topical steroid withdrawal (TSW). For some, it's a severe case of eczema. For others, it's a condition in its own right. The problem is doctors can't agree on what it is. The article hit a nerve - millions of people read it and 240 got in touch. So what's going on? I have now spoken to more patients and doctors about why this conditio","['BBC News', 'TSW']",-0.8181,"two weeks ago, i wrote a bbc news article about the impact of a severe and often misunderstood skin condition many people have been sharing on social media, called topical steroid withdrawal (tsw). for some, it's a severe case of eczema. for others, it's a condition in its own right. the problem is doctors can't agree on what it is. the article hit a nerve - millions of people read it and 240 got in touch. so what's going on? i have now spoken to more patients and doctors about why this conditio",tech,0.20166233,False
270,https://www.bbc.com/news/articles/ckgl51jjp3jo?at_medium=RSS&at_campaign=rss,"Tue, 07 Apr 2026 12:59:20 GMT",What to do if you think someone has heat exhaustion or heatstroke,"During hot weather, it can be easy to overheat, sometimes resulting in heat exhaustion or heatstroke.  Heat exhaustion is not usually serious as long as you can cool yourself down - but heatstroke is a medical emergency which requires immediate treatment. Some groups, including older adults, young children and people with long-term health conditions can be particularly at risk.  Heat exhaustion happens when your body becomes too hot and struggles to regulate its temperature. An obvious sign is e",[],-0.9145,"during hot weather, it can be easy to overheat, sometimes resulting in heat exhaustion or heatstroke.  heat exhaustion is not usually serious as long as you can cool yourself down - but heatstroke is a medical emergency which requires immediate treatment. some groups, including older adults, young children and people with long-term health conditions can be particularly at risk.  heat exhaustion happens when your body becomes too hot and struggles to regulate its temperature. an obvious sign is e",sport,0.34949872,False
271,https://www.bbc.com/news/articles/cy7n6m7y6yvo?at_medium=RSS&at_campaign=rss,"Tue, 07 Apr 2026 12:46:50 GMT",What does hot weather do to the body?,"Periods of hot weather can affect anyone, but some people run a greater risk of serious harm. Experts recommend that those who may be more vulnerable - such as older people and babies and young children - should take extra precautions.  As the body gets hotter, blood vessels open up. This lowers your blood pressure and makes your heart work harder to push the blood around the body. This process can cause mild symptoms such as an itchy heat rash or swollen feet.  At the same time, sweating leads ",[],-0.9311,"periods of hot weather can affect anyone, but some people run a greater risk of serious harm. experts recommend that those who may be more vulnerable - such as older people and babies and young children - should take extra precautions.  as the body gets hotter, blood vessels open up. this lowers your blood pressure and makes your heart work harder to push the blood around the body. this process can cause mild symptoms such as an itchy heat rash or swollen feet.  at the same time, sweating leads",tech,0.5280035,True
272,https://www.bbc.com/news/articles/c7432klgyldo?at_medium=RSS&at_campaign=rss,"Tue, 24 Mar 2026 12:22:02 GMT",What are the symptoms of meningitis and how is it spread?,"Two people have died from meningitis in Kent, and another 18 people are confirmed to have the disease as part of an ""unprecedented"" outbreak which has now passed its peak. Three cases are still being investigated. As a precaution, antibiotics and doses of the Meningitis B vaccine are being offered to thousands of people who may have been exposed to the disease, including some university students and school pupils in the area.   Health experts say they have identified some mutations to the strain",[],-0.6249,"two people have died from meningitis in kent, and another 18 people are confirmed to have the disease as part of an ""unprecedented"" outbreak which has now passed its peak. three cases are still being investigated. as a precaution, antibiotics and doses of the meningitis b vaccine are being offered to thousands of people who may have been exposed to the disease, including some university students and school pupils in the area.   health experts say they have identified some mutations to the strain",business,0.20190352,False
273,https://www.bbc.com/news/articles/cm24evgyyzpo?at_medium=RSS&at_campaign=rss,"Fri, 30 Jan 2026 00:03:39 GMT",Could weight-loss jabs be behind rising gallbladder removals?,"More research is needed into whether there may be a link between weight-loss injections and an increase in gallbladder removals, specialist doctors have said. The number of gallbladder surgeries recorded by NHS England in 2024-25 was at its highest peak in the past decade. The president of the British Obesity and Metabolic Specialist Society, Ahmed Ahmed, said he was doing more of these operations with ""more and more"" people telling him they had taken weight loss injections. Gallstones are liste","['Metabolic Specialist Society', 'NHS England', 'the British Obesity']",0.0772,"more research is needed into whether there may be a link between weight-loss injections and an increase in gallbladder removals, specialist doctors have said. the number of gallbladder surgeries recorded by nhs england in 2024-25 was at its highest peak in the past decade. the president of the british obesity and metabolic specialist society, ahmed ahmed, said he was doing more of these operations with ""more and more"" people telling him they had taken weight loss injections. gallstones are liste",business,0.15790693,False
274,https://www.bbc.com/news/articles/cn0rnqj52y5o?at_medium=RSS&at_campaign=rss,"Fri, 02 Jan 2026 00:31:12 GMT",What is chickenpox and who can get an NHS vaccine?,"Young children in the UK are being offered protection against chickenpox on the NHS for the first time.  It is being added to the list of standard childhood vaccinations from the start of January, and there will be a catch-up programme for older children.  Chickenpox is a highly contagious disease caused by the varicella zoster virus (VZV).  The virus is transmitted through direct contact between people, or through airborne droplets in coughs and sneezes. It is very easy to catch, especially if ","['VZV', 'NHS', 'Chickenpox']",0.128,"young children in the uk are being offered protection against chickenpox on the nhs for the first time.  it is being added to the list of standard childhood vaccinations from the start of january, and there will be a catch-up programme for older children.  chickenpox is a highly contagious disease caused by the varicella zoster virus (vzv).  the virus is transmitted through direct contact between people, or through airborne droplets in coughs and sneezes. it is very easy to catch, especially if",tech,0.17060432,False
275,https://www.bbc.com/news/articles/cy8k8xgry98o?at_medium=RSS&at_campaign=rss,"Fri, 01 Aug 2025 00:06:06 GMT",Caffeine pouch craze: A teenage trend troubling some experts,"A growing number of US teenagers are using caffeine pouches to get an energy rush, say experts who worry the trend could soon take off in the UK.  The small teabag-like pouches, placed between the lip and gum, deliver a quick caffeine hit, straight to the bloodstream.  Some social media influencers are pushing products, recommending them to gym-goers for performance or to students who want to be alert for exams.  TikTok Shop sells lots of brands and flavours that could appeal to young people, sa",['TikTok Shop'],0.5574,"a growing number of us teenagers are using caffeine pouches to get an energy rush, say experts who worry the trend could soon take off in the uk.  the small teabag-like pouches, placed between the lip and gum, deliver a quick caffeine hit, straight to the bloodstream.  some social media influencers are pushing products, recommending them to gym-goers for performance or to students who want to be alert for exams.  tiktok shop sells lots of brands and flavours that could appeal to young people, sa",tech,0.13056448,False
276,https://www.bbc.com/news/articles/cwygy378nn1o?at_medium=RSS&at_campaign=rss,"Sat, 26 Jul 2025 00:08:06 GMT","Sleep, exercise, hydrate - do we really need to stick to recommended daily doses?","It felt like there was a collective sigh of relief when a study, published this week, suggested 10,000 steps a day isn't the health utopia we had all been led to believe. The news that we only had to reach 7,000 steps was enough to quite literally stop us in our fervent step-counting stride. So what about some of the other health targets that many of us swear by? Can we fall short of the mark but still live long, healthy and happy lives? We've taken a handful of commonly cited healthy lifestyle ",[],0.9444,"it felt like there was a collective sigh of relief when a study, published this week, suggested 10,000 steps a day isn't the health utopia we had all been led to believe. the news that we only had to reach 7,000 steps was enough to quite literally stop us in our fervent step-counting stride. so what about some of the other health targets that many of us swear by? can we fall short of the mark but still live long, healthy and happy lives? we've taken a handful of commonly cited healthy lifestyle",sport,0.16081409,False
277,https://www.bbc.com/news/videos/cvg02k39d5no?at_medium=RSS&at_campaign=rss,"Sun, 26 Apr 2026 06:09:21 GMT",'I paid for a private hysterectomy',"Rachel Moore, 37, from Portsmouth spent years in debilitating chronic pain due to the womb disease Adenomyosis. Read more here. Copyright 2026 BBC. All rights reserved. The BBC is not responsible for the content of external sites. Read about our approach to external linking.  ",['BBC'],-0.6442,"rachel moore, 37, from portsmouth spent years in debilitating chronic pain due to the womb disease adenomyosis. read more here. copyright 2026 bbc. all rights reserved. the bbc is not responsible for the content of external sites. read about our approach to external linking.",entertainment,0.17368384,False
278,https://www.bbc.com/news/videos/cly70zgjxpno?at_medium=RSS&at_campaign=rss,"Fri, 24 Apr 2026 09:13:24 GMT",What NHS challenges does the election winner face?,More on this story.  Copyright 2026 BBC. All rights reserved. The BBC is not responsible for the content of external sites. Read about our approach to external linking.  ,['BBC'],-0.2411,more on this story.  copyright 2026 bbc. all rights reserved. the bbc is not responsible for the content of external sites. read about our approach to external linking.,entertainment,0.17368384,False
279,https://www.bbc.com/news/articles/cdxd05kwkl9o?at_medium=RSS&at_campaign=rss,"Thu, 23 Apr 2026 05:07:44 GMT",'Adenomyosis ruined my life',"A woman says she was ""fobbed off by the NHS"" and ""adenomyosis ruined my life"". Rachel Moore, 37, from Portsmouth in Hampshire has spent years in debilitating chronic pain due to a womb disease. Adenomyosis, is a condition often compared to endometriosis and occurs when where endometrial-like tissue grows into the muscular wall of the uterus, causing it to thicken and enlarge. Common symptoms include heavy, prolonged menstrual bleeding, chronic pelvic pain, and infertility. The mum of two, who wa",['NHS'],-0.8658,"a woman says she was ""fobbed off by the nhs"" and ""adenomyosis ruined my life"". rachel moore, 37, from portsmouth in hampshire has spent years in debilitating chronic pain due to a womb disease. adenomyosis, is a condition often compared to endometriosis and occurs when where endometrial-like tissue grows into the muscular wall of the uterus, causing it to thicken and enlarge. common symptoms include heavy, prolonged menstrual bleeding, chronic pelvic pain, and infertility. the mum of two, who wa",entertainment,0.14406663,False
280,https://www.bbc.com/news/articles/c74vd1y7q04o?at_medium=RSS&at_campaign=rss,"Tue, 21 Apr 2026 05:18:38 GMT",Maternity boss 'confident' as unit reopens,"The head of a maternity ward says she has full confidence that patients will be safe as it reopens. Maternity services and the Special Care Baby Unit at Yeovil District Hospital in Somerset closed in May 2025 after the Care Quality Commission highlighted safety concerns over staffing, equipment and learning from serious incidents. Somerset NHS Foundation Trust said it had addressed the concerns by recruiting staff, combining workforces with Musgrove Park Hospital in Taunton, and improving its fa","['Musgrove Park Hospital', 'the Special Care Baby Unit', 'the Care Quality Commission', 'Somerset NHS Foundation Trust']",0.9716,"the head of a maternity ward says she has full confidence that patients will be safe as it reopens. maternity services and the special care baby unit at yeovil district hospital in somerset closed in may 2025 after the care quality commission highlighted safety concerns over staffing, equipment and learning from serious incidents. somerset nhs foundation trust said it had addressed the concerns by recruiting staff, combining workforces with musgrove park hospital in taunton, and improving its fa",business,0.15127312,False
281,https://www.bbc.com/news/articles/c1l9967yq9mo?at_medium=RSS&at_campaign=rss,"Thu, 16 Apr 2026 05:07:31 GMT",Wellbeing garden opens to combat isolation,"A new garden is to be unveiled dedicated to improving the wellbeing of residents and combating social isolation. The outdoor area at Yarm Wellness, on the corner of West Street and High Church Wynd, will officially open to the public at 13:30 BST on Saturday. Volunteer Linda Fisher, 68, discovered the hub two years ago when she was ""socially isolated"" and said the garden ""will be an ice-breaker for people walking past"". The community garden, which is a work in progress, will be made up of three ","['Yarm Wellness', 'BST']",0.7579,"a new garden is to be unveiled dedicated to improving the wellbeing of residents and combating social isolation. the outdoor area at yarm wellness, on the corner of west street and high church wynd, will officially open to the public at 13:30 bst on saturday. volunteer linda fisher, 68, discovered the hub two years ago when she was ""socially isolated"" and said the garden ""will be an ice-breaker for people walking past"". the community garden, which is a work in progress, will be made up of three",entertainment,0.22840525,False
282,https://www.bbc.com/news/articles/c5yvpr21mnno?at_medium=RSS&at_campaign=rss,"Wed, 08 Apr 2026 05:11:23 GMT",Researchers look into island's health benefits,"Scientists are to monitor people on the Isle of Wight to explore the potential health and wellbeing benefits of its parks, forests and beaches. In April researchers from the University of Southampton will work with Hampshire and Isle of Wight Wildlife Trust to survey visitors to Wilder Nunwell, Bembridge Beach, Puckpool and Appley parks, Ryde, and Sandown Beach. The team aims to find out how people are using the spaces and what it is about them that makes them feel better. Co-lead researcher Dr ","['Isle of Wight Wildlife Trust', 'the Isle of Wight', 'the University of Southampton']",0.8316,"scientists are to monitor people on the isle of wight to explore the potential health and wellbeing benefits of its parks, forests and beaches. in april researchers from the university of southampton will work with hampshire and isle of wight wildlife trust to survey visitors to wilder nunwell, bembridge beach, puckpool and appley parks, ryde, and sandown beach. the team aims to find out how people are using the spaces and what it is about them that makes them feel better. co-lead researcher dr",tech,0.3231935,False
283,https://www.bbc.com/news/videos/cge057x1n3vo?at_medium=RSS&at_campaign=rss,"Tue, 07 Apr 2026 15:22:54 GMT",What is vegan collagen?,Listen to the full episode on BBC Sounds. Copyright 2026 BBC. All rights reserved. The BBC is not responsible for the content of external sites. Read about our approach to external linking.  ,"['BBC Sounds', 'BBC']",-0.2411,listen to the full episode on bbc sounds. copyright 2026 bbc. all rights reserved. the bbc is not responsible for the content of external sites. read about our approach to external linking.,entertainment,0.17368384,False
284,https://www.bbc.com/news/articles/cn43z87dw3po?at_medium=RSS&at_campaign=rss,"Fri, 03 Apr 2026 05:25:00 GMT",Men's group hopes to ease strain on NHS services,"A men's mental health group that runs sport sessions such as yoga, football and darts, has been used as an informal referral service by the NHS.  Moreton Men Sports Group, based in Bury St Edmunds, Suffolk, was initially formed in 2024 with 15 members as a six-a-side football team, but has grown to include more than 200 people.  The Norfolk and Suffolk NHS Foundation Trust (NSFT) said it informally referred men who did not need clinical intervention but ""would benefit from support within their c","['Moreton Men Sports Group', 'Suffolk NHS Foundation Trust', 'NHS']",0.9186,"a men's mental health group that runs sport sessions such as yoga, football and darts, has been used as an informal referral service by the nhs.  moreton men sports group, based in bury st edmunds, suffolk, was initially formed in 2024 with 15 members as a six-a-side football team, but has grown to include more than 200 people.  the norfolk and suffolk nhs foundation trust (nsft) said it informally referred men who did not need clinical intervention but ""would benefit from support within their c",sport,0.11240544,False
285,https://www.bbc.com/news/articles/c4gx92jedw2o?at_medium=RSS&at_campaign=rss,"Sat, 28 Mar 2026 16:06:55 GMT",Pupil art sessions 'bring joy' to hospice,"A group of Kent students have joined forces with a local hospice to share art sessions with people living with life-limiting conditions. Pupils from years 11 to 13 at Sevenoaks School help to make ceramics and creative clay items in workshops run by the Hospice in the Weald in Pembury. Nicola King, who was diagnosed with multiple sclerosis at the age of 31, said the sessions meant ""everything"". ""I love coming to this session,"" she said. ""It's creative, I don't have the use of both of my arms so ","['Kent', 'Sevenoaks School']",0.9313,"a group of kent students have joined forces with a local hospice to share art sessions with people living with life-limiting conditions. pupils from years 11 to 13 at sevenoaks school help to make ceramics and creative clay items in workshops run by the hospice in the weald in pembury. nicola king, who was diagnosed with multiple sclerosis at the age of 31, said the sessions meant ""everything"". ""i love coming to this session,"" she said. ""it's creative, i don't have the use of both of my arms so",entertainment,0.19507946,False
286,https://www.bbc.com/news/articles/cp8dpjx1yvmo?at_medium=RSS&at_campaign=rss,"Thu, 16 Apr 2026 14:39:07 GMT",Rollout of Covid vaccines extraordinary feat - inquiry report,"The rollout of Covid vaccines – the largest immunisation programme in UK history - was an ""extraordinary feat"", the Covid inquiry said. The fourth report from the inquiry praised the speed in which  jabs were developed and deployed  – 132 million were given in 2021 - alongside how the UK discovered which treatments worked best against the virus. The positive headlines contrast with the first three reports that were highly critical of the government's pandemic planning, decision-making and manage",[],0.8558,"the rollout of covid vaccines – the largest immunisation programme in uk history - was an ""extraordinary feat"", the covid inquiry said. the fourth report from the inquiry praised the speed in which  jabs were developed and deployed  – 132 million were given in 2021 - alongside how the uk discovered which treatments worked best against the virus. the positive headlines contrast with the first three reports that were highly critical of the government's pandemic planning, decision-making and manage",business,0.26738968,False
287,https://www.bbc.com/news/articles/ce3dp52l70zo?at_medium=RSS&at_campaign=rss,"Thu, 16 Apr 2026 13:02:12 GMT","Vaccines a huge success, but public trust must be earned - key findings from Covid report","While the rollout of Covid jabs has been hailed a great success, the fourth report from the official inquiry into the pandemic also includes warnings about vaccine hesitancy, misinformation and support for those who have been harmed by the jabs.  Here's a look at the key findings from the 274-page report. The Covid vaccination programme was unprecedented. Never before had vaccines been developed so quickly or rolled out so rapidly. What would normally takes years in research and clinical trials,",[],0.5994,"while the rollout of covid jabs has been hailed a great success, the fourth report from the official inquiry into the pandemic also includes warnings about vaccine hesitancy, misinformation and support for those who have been harmed by the jabs.  here's a look at the key findings from the 274-page report. the covid vaccination programme was unprecedented. never before had vaccines been developed so quickly or rolled out so rapidly. what would normally takes years in research and clinical trials,",sport,0.18210255,False
288,https://www.bbc.com/news/articles/cdr3kx6xmp5o?at_medium=RSS&at_campaign=rss,"Thu, 16 Apr 2026 11:20:11 GMT",What is the UK Covid inquiry and how does it work?,"The development and rollout of the Covid vaccine across the UK was an ""extraordinary feat"", according to the latest report from the inquiry investigating how the pandemic was handled.  It quoted one estimate that the vaccine saved 475,000 lives in England and Scotland, but said more should have been done to encourage take-up among some groups.  Just under 227,000 people died in the UK from Covid between March 2020 and May 2023, when the World Health Organization said the ""global health emergency",['the World Health Organization'],-0.4497,"the development and rollout of the covid vaccine across the uk was an ""extraordinary feat"", according to the latest report from the inquiry investigating how the pandemic was handled.  it quoted one estimate that the vaccine saved 475,000 lives in england and scotland, but said more should have been done to encourage take-up among some groups.  just under 227,000 people died in the uk from covid between march 2020 and may 2023, when the world health organization said the ""global health emergency",politics,0.33304697,False
289,https://www.bbc.com/news/articles/c87wg0lvnxjo?at_medium=RSS&at_campaign=rss,"Thu, 19 Mar 2026 15:00:23 GMT",Stay at home advice questioned and rules too tough - key findings from Covid report,"The long-awaited report into the impact the Covid pandemic had on the NHS has been published. It has found that the NHS in England came close to collapse during the height of the pandemic, only narrowly avoiding it due to the efforts of healthcare staff. Among the 400 pages of text, the inquiry questions the government's ""stay at home"" messaging, highlights how patients were failed and finds that hospital visiting rules were too tough. Here's a look at all the key findings: In the decade leading",['NHS'],-0.8555,"the long-awaited report into the impact the covid pandemic had on the nhs has been published. it has found that the nhs in england came close to collapse during the height of the pandemic, only narrowly avoiding it due to the efforts of healthcare staff. among the 400 pages of text, the inquiry questions the government's ""stay at home"" messaging, highlights how patients were failed and finds that hospital visiting rules were too tough. here's a look at all the key findings: in the decade leading",business,0.1977421,False
290,https://www.bbc.com/news/articles/cp3l2pygnlyo?at_medium=RSS&at_campaign=rss,"Mon, 13 Apr 2026 23:06:45 GMT",Doctors' strikes can have surprising benefits - but are they sustainable?,"""We sighed with relief - strikes act like a firebreak.""  That was how one hospital boss recalled hearing news of a walkout by resident doctors in England last December. Now that the latest doctors' strike has ended, some NHS trust leaders who have spoken to BBC News are reflecting again that the system has run more efficiently - with some saying it has been smoother than on non-strike days. Looking back to previous walkouts they suggest that far from the predicted chaos, there were shorter patie","['BBC News', 'NHS']",0.2944,"""we sighed with relief - strikes act like a firebreak.""  that was how one hospital boss recalled hearing news of a walkout by resident doctors in england last december. now that the latest doctors' strike has ended, some nhs trust leaders who have spoken to bbc news are reflecting again that the system has run more efficiently - with some saying it has been smoother than on non-strike days. looking back to previous walkouts they suggest that far from the predicted chaos, there were shorter patie",sport,0.16100499,False
291,https://www.bbc.com/news/articles/c0krp1e7lkmo?at_medium=RSS&at_campaign=rss,"Sun, 12 Apr 2026 06:12:09 GMT",'Doctors strikes' and 'paw prints in space',"Here is our weekly round-up of stories from across local websites in the West of England. Resident doctors in the west are coming to the end of a six-day strike as part of a dispute over pay. Doctors will remain on strike until 07:00 BST on Monday. Police are warning people to be aware of health risks posed by vapes after an 11-year-old boy fell ill in Weston-super-Mare, says Somerset Live. The BBC has also covered this incident.  The Forest of Dean could soon get its first drive through KFC, bu","['BBC', 'The Forest of Dean', 'KFC']",-0.886,"here is our weekly round-up of stories from across local websites in the west of england. resident doctors in the west are coming to the end of a six-day strike as part of a dispute over pay. doctors will remain on strike until 07:00 bst on monday. police are warning people to be aware of health risks posed by vapes after an 11-year-old boy fell ill in weston-super-mare, says somerset live. the bbc has also covered this incident.  the forest of dean could soon get its first drive through kfc, bu",business,0.3069389,False
292,https://www.bbc.com/news/articles/crr1e1lgj7qo?at_medium=RSS&at_campaign=rss,"Wed, 08 Apr 2026 12:32:52 GMT",'Month of worry' over doctor strike surgery delay,"A patient due to have gastric bypass surgery said he faces a ""month of worry"" because his treatment has been delayed due to strike action by resident doctors. Tom Lawson, 45, from Washington near Sunderland, said he has suffered three heart attacks while waiting more than three years for the surgery, which has now been pushed back to May. He said postponing the procedure, due to take place at Sunderland Royal Hospital this week, was delaying his return to work and ""a productive lifestyle"". The l",[],-0.8979,"a patient due to have gastric bypass surgery said he faces a ""month of worry"" because his treatment has been delayed due to strike action by resident doctors. tom lawson, 45, from washington near sunderland, said he has suffered three heart attacks while waiting more than three years for the surgery, which has now been pushed back to may. he said postponing the procedure, due to take place at sunderland royal hospital this week, was delaying his return to work and ""a productive lifestyle"". the l",sport,0.22259937,False
293,https://www.bbc.com/news/articles/clyrzrp0x5go?at_medium=RSS&at_campaign=rss,"Wed, 08 Apr 2026 10:56:27 GMT",Hospitals coping well with doctors' strike so far - NHS boss,"The NHS is coping well with the doctors' strike in England, the head of the health service says. In a letter to health managers, NHS England chief executive Sir Jim Mackey said while it was still early days in the six-day strike, which began on Tuesday, the NHS was in ""as good a place as we could hope"" after the first day. Resident doctors – the new name for junior doctors – are taking part in their 15th walkout in the long-running pay dispute. The British Medical Association said the strike was","['NHS England', 'The British Medical Association', 'NHS']",-0.0,"the nhs is coping well with the doctors' strike in england, the head of the health service says. in a letter to health managers, nhs england chief executive sir jim mackey said while it was still early days in the six-day strike, which began on tuesday, the nhs was in ""as good a place as we could hope"" after the first day. resident doctors – the new name for junior doctors – are taking part in their 15th walkout in the long-running pay dispute. the british medical association said the strike was",sport,0.11789712,False
294,https://www.bbc.co.uk/sounds/play/m002tbkd?at_medium=RSS&at_campaign=rss,"Tue, 31 Mar 2026 09:00:00 GMT",New treatment for menopausal hot flush," Use BBC.com or the new BBC App to listen to BBC podcasts, Radio 4 and the World Service outside the UK. Find out how to listen to other BBC stations Radio 4,·31 Mar 2026,·28 mins Available for over a year A new non-hormonal drug has been approved to treat menopausal hot flushes. It works by regulating the body's cooling signals and is now available on the NHS in England for those who cannot use hormone replacement therapy. 

Before delving into the evidence with resident GP Dr Margaret McCartne","['the World Service', 'Radio 4', 'Radio', 'NHS', 'BBC', 'BBC App']",0.6705,"use bbc.com or the new bbc app to listen to bbc podcasts, radio 4 and the world service outside the uk. find out how to listen to other bbc stations radio 4,·31 mar 2026,·28 mins available for over a year a new non-hormonal drug has been approved to treat menopausal hot flushes. it works by regulating the body's cooling signals and is now available on the nhs in england for those who cannot use hormone replacement therapy. 

before delving into the evidence with resident gp dr margaret mccartne",tech,0.14652818,False
295,https://www.bbc.co.uk/sounds/play/m002t18t?at_medium=RSS&at_campaign=rss,"Tue, 24 Mar 2026 10:00:00 GMT",Could the Kent meningitis outbreak happen again?," Use BBC.com or the new BBC App to listen to BBC podcasts, Radio 4 and the World Service outside the UK. Find out how to listen to other BBC stations Radio 4,·24 Mar 2026,·28 mins Available for over a year Little over a week on from the first meningitis cases in Canterbury, many crucial questions remain. 

So this week we're taking an in-depth look at those questions and what we’ve learnt from this outbreak - and could it happen again?

James also hears from author Michael Rosen whose son Eddie ","['the World Service', 'Radio 4', 'Radio 4,·24 Mar', 'BBC', 'BBC App']",0.0,"use bbc.com or the new bbc app to listen to bbc podcasts, radio 4 and the world service outside the uk. find out how to listen to other bbc stations radio 4,·24 mar 2026,·28 mins available for over a year little over a week on from the first meningitis cases in canterbury, many crucial questions remain. 

so this week we're taking an in-depth look at those questions and what we’ve learnt from this outbreak - and could it happen again?

james also hears from author michael rosen whose son eddie",sport,0.19425848,False
296,https://www.bbc.co.uk/sounds/play/m002sn3q?at_medium=RSS&at_campaign=rss,"Tue, 17 Mar 2026 10:00:00 GMT",What's driving the outbreak of meningitis among students?," Use BBC.com or the new BBC App to listen to BBC podcasts, Radio 4 and the World Service outside the UK. Find out how to listen to other BBC stations Radio 4,·17 Mar 2026,·28 mins Available for over a year More than 30,000 people are being contacted in the Canterbury area regarding the outbreak of bacterial meningitis in Kent. Two people have died, and others are seriously ill. James Gallagher speaks with immunologist Sir Andrew Pollard about the disease, and finds out what could have caused the","['the World Service', 'Radio 4', 'Radio', 'BBC', 'BBC App']",-0.7964,"use bbc.com or the new bbc app to listen to bbc podcasts, radio 4 and the world service outside the uk. find out how to listen to other bbc stations radio 4,·17 mar 2026,·28 mins available for over a year more than 30,000 people are being contacted in the canterbury area regarding the outbreak of bacterial meningitis in kent. two people have died, and others are seriously ill. james gallagher speaks with immunologist sir andrew pollard about the disease, and finds out what could have caused the",tech,0.27933893,False
297,https://www.bbc.co.uk/sounds/play/m002sf6d?at_medium=RSS&at_campaign=rss,"Tue, 10 Mar 2026 10:00:00 GMT",What causes vaccine hesitancy?," Use BBC.com or the new BBC App to listen to BBC podcasts, Radio 4 and the World Service outside the UK. Find out how to listen to other BBC stations Radio 4,·10 Mar 2026,·28 mins Available for over a year There have been nearly 200 cases of measles in the UK so far this year.

Measles can be prevented with vaccines - but the proportion of children being immunised is declining across the UK, particularly in parts of London.

James visits Hackney, which has one of the lowest vaccination rates in ","['the World Service', 'Radio 4', 'BBC', 'BBC App', 'Radio 4,·10']",-0.5187,"use bbc.com or the new bbc app to listen to bbc podcasts, radio 4 and the world service outside the uk. find out how to listen to other bbc stations radio 4,·10 mar 2026,·28 mins available for over a year there have been nearly 200 cases of measles in the uk so far this year.

measles can be prevented with vaccines - but the proportion of children being immunised is declining across the uk, particularly in parts of london.

james visits hackney, which has one of the lowest vaccination rates in",entertainment,0.15726633,False
298,https://www.bbc.com/news/videos/cx2r8lz25njo?at_medium=RSS&at_campaign=rss,"Fri, 24 Apr 2026 15:57:13 GMT",'I used delivery apps to hide the shame of alcoholism',Listen to the full episode on BBC Sounds. Copyright 2026 BBC. All rights reserved. The BBC is not responsible for the content of external sites. Read about our approach to external linking.  ,"['BBC Sounds', 'BBC']",-0.2411,listen to the full episode on bbc sounds. copyright 2026 bbc. all rights reserved. the bbc is not responsible for the content of external sites. read about our approach to external linking.,entertainment,0.17368384,False
299,https://www.bbc.com/news/videos/cjw8eyj2jxvo?at_medium=RSS&at_campaign=rss,"Thu, 23 Apr 2026 17:38:28 GMT",The surprising health benefit that could be in your pint,More on this story. Copyright 2026 BBC. All rights reserved. The BBC is not responsible for the content of external sites. Read about our approach to external linking.  ,['BBC'],-0.2411,more on this story. copyright 2026 bbc. all rights reserved. the bbc is not responsible for the content of external sites. read about our approach to external linking.,entertainment,0.17368384,False
300,https://www.bbc.com/videos/c87wzlpjnr1o?at_medium=RSS&at_campaign=rss,"Thu, 23 Apr 2026 14:16:30 GMT",Asbestos toy warnings,This video can not be played A warning has been issued after asbestos was found in some stretchy toys. Consumer journalist Rebecca Wilcox shares the latest news. To watch this with subtitles go to BBC iPlayer and search for Morning Live from 23/04/2026. Copyright Â© 2026 BBC. The BBC is not responsible for the content of external sites. Read about our approach to external linking.,"['BBC', 'BBC iPlayer']",0.0613,this video can not be played a warning has been issued after asbestos was found in some stretchy toys. consumer journalist rebecca wilcox shares the latest news. to watch this with subtitles go to bbc iplayer and search for morning live from 23/04/2026. copyright â© 2026 bbc. the bbc is not responsible for the content of external sites. read about our approach to external linking.,tech,0.24827565,False
301,https://www.bbc.com/news/articles/c3r3r2vzjp1o?at_medium=RSS&at_campaign=rss,"Tue, 28 Apr 2026 03:57:51 GMT",Starmer faces vote on inquiry over Mandelson vetting claims,"Sir Keir Starmer is facing a vote by MPs on whether there should be a parliamentary investigation over his claims about the vetting of Lord Mandelson. Commons Speaker Sir Lindsay Hoyle said he was allowing a debate on the matter on Tuesday and it would then be up to MPs to decide if the Privileges Committee should hold an inquiry.  The prime minister has denied accusations he misled MPs over whether Lord Mandelson's vetting to be the UK's ambassador to the US followed ""due process"" and over his ",['the Privileges Committee'],-0.3612,"sir keir starmer is facing a vote by mps on whether there should be a parliamentary investigation over his claims about the vetting of lord mandelson. commons speaker sir lindsay hoyle said he was allowing a debate on the matter on tuesday and it would then be up to mps to decide if the privileges committee should hold an inquiry.  the prime minister has denied accusations he misled mps over whether lord mandelson's vetting to be the uk's ambassador to the us followed ""due process"" and over his",politics,0.094672605,False
302,https://www.bbc.com/news/articles/cn7874j5rdko?at_medium=RSS&at_campaign=rss,"Mon, 27 Apr 2026 15:47:20 GMT",Deal 'within sight' to end Birmingham bin strike,"An end to the bitter 14-month-long dispute by bin workers in Birmingham is ""within sight"", the city's Labour council leader has claimed.  Unite the Union members have been taking action since January last year, with an all-out strike launched in March, leaving rubbish piled on streets and residents with no recycling service. Authority leader John Cotton said after months of ""frustration and delay"" he believed a new offer could now be made, which Unite general secretary Sharon Graham said was a ""","['bin workers', 'Unite', 'Authority', 'Labour']",-0.8957,"an end to the bitter 14-month-long dispute by bin workers in birmingham is ""within sight"", the city's labour council leader has claimed.  unite the union members have been taking action since january last year, with an all-out strike launched in march, leaving rubbish piled on streets and residents with no recycling service. authority leader john cotton said after months of ""frustration and delay"" he believed a new offer could now be made, which unite general secretary sharon graham said was a """,business,0.13571404,False
303,https://www.bbc.com/news/articles/c5yxynp7k82o?at_medium=RSS&at_campaign=rss,"Mon, 27 Apr 2026 16:46:36 GMT",Ed Davey backs Welsh Lib Dem leader Jane Dodds after rift,"Liberal Democrat leader Sir Ed Davey has backed his leader in Wales, Jane Dodds, almost two years after he called her leadership into question. The relationship between the pair has been strained ever since Sir Ed asked Dodds to reflect on her position over her handling of a sexual abuse case when she worked for the Church in England. On Monday he told BBC Wales that Dodds had been an ""excellent member of the Senedd"" who deserved to be re-elected. He brushed off questions about why he did not me","['Senedd', 'Dodds', 'BBC Wales']",-0.4767,"liberal democrat leader sir ed davey has backed his leader in wales, jane dodds, almost two years after he called her leadership into question. the relationship between the pair has been strained ever since sir ed asked dodds to reflect on her position over her handling of a sexual abuse case when she worked for the church in england. on monday he told bbc wales that dodds had been an ""excellent member of the senedd"" who deserved to be re-elected. he brushed off questions about why he did not me",sport,0.08245084,False
304,https://www.bbc.com/news/articles/cq8w8ygkdnlo?at_medium=RSS&at_campaign=rss,"Mon, 27 Apr 2026 10:38:26 GMT",Lib Dems pledge £5k rewards for illegal waste tip-offs,"The Liberal Democrats say they would pay cash rewards of up to £5,000 for tip-offs that lead to successful prosecutions of criminals illegally dumping waste. The party says the payouts would help council enforcement officers tackle the ""environmental emergency"" posed by fly-tipping. It also says it would ""encourage"" local authorities to charge only £5 for bulky waste collections, to incentivise households to dispose of waste responsibly. The Lib Dems say the reduced charges could be paid for by ",[],-0.7351,"the liberal democrats say they would pay cash rewards of up to £5,000 for tip-offs that lead to successful prosecutions of criminals illegally dumping waste. the party says the payouts would help council enforcement officers tackle the ""environmental emergency"" posed by fly-tipping. it also says it would ""encourage"" local authorities to charge only £5 for bulky waste collections, to incentivise households to dispose of waste responsibly. the lib dems say the reduced charges could be paid for by",politics,0.3340745,False
305,https://www.bbc.com/news/articles/c62l216yy8eo?at_medium=RSS&at_campaign=rss,"Mon, 27 Apr 2026 13:40:04 GMT",Residents felt 'intimidated' in councillor flags row,"A councillor has apologised after an investigation into a row he had with residents who complained to him about St George's flags being placed on lamp-posts. Four people complained about Charles Whitford over email correspondence they had with him when they raised concerns about unauthorised flags being put up in Markfield, Leicestershire, in September. The complainants alleged emails sent by Whitford were ""dismissive, personalised and/or confrontational"", did not address their concerns about th",['Whitford'],-0.7269,"a councillor has apologised after an investigation into a row he had with residents who complained to him about st george's flags being placed on lamp-posts. four people complained about charles whitford over email correspondence they had with him when they raised concerns about unauthorised flags being put up in markfield, leicestershire, in september. the complainants alleged emails sent by whitford were ""dismissive, personalised and/or confrontational"", did not address their concerns about th",sport,0.12056328,False
306,https://www.bbc.com/news/articles/c705228kpx9o?at_medium=RSS&at_campaign=rss,"Sun, 26 Apr 2026 15:50:31 GMT",Starmer insists 'majority' of Labour MPs back his leadership,"Sir Keir Stamer has insisted the ""vast majority"" of Labour MPs supported him and wanted him to continue doing his job as prime minister. He was speaking to the Sunday Times at the end of a week in which speculation about a potential leadership challenge has risen. Sir Keir told the paper ""in politics, you get this sort of thing all of the time, there is always talk"". Shadow home secretary Chris Philp said the prime minister should resign over his decision to appoint Lord Mandelson as the UK's am","['the Sunday Times', 'Labour']",0.0516,"sir keir stamer has insisted the ""vast majority"" of labour mps supported him and wanted him to continue doing his job as prime minister. he was speaking to the sunday times at the end of a week in which speculation about a potential leadership challenge has risen. sir keir told the paper ""in politics, you get this sort of thing all of the time, there is always talk"". shadow home secretary chris philp said the prime minister should resign over his decision to appoint lord mandelson as the uk's am",politics,0.13972996,False
307,https://www.bbc.com/news/articles/cq59xvdzjv7o?at_medium=RSS&at_campaign=rss,"Sat, 25 Apr 2026 12:07:54 GMT",Relish and dread as Starmer 'shambles' hangs over Scotland and Wales elections,"""We're living the dream,"" a minister jokes.  Labour might have to rely on black humour over the next couple of weeks. Each day brings a vast set of elections closer - local tests in England, and national ballots in Wales and Scotland - votes that another cabinet minister frets ""will be a disaster"". We've been travelling around Wales this week, and Scotland last week, talking to the politicians vying for power, and the most important people of all - the public who'll make the choice on 7 May. Jus",[],0.7346,"""we're living the dream,"" a minister jokes.  labour might have to rely on black humour over the next couple of weeks. each day brings a vast set of elections closer - local tests in england, and national ballots in wales and scotland - votes that another cabinet minister frets ""will be a disaster"". we've been travelling around wales this week, and scotland last week, talking to the politicians vying for power, and the most important people of all - the public who'll make the choice on 7 may. jus",sport,0.21820098,False
308,https://www.bbc.com/news/articles/cvg32z7jv7yo?at_medium=RSS&at_campaign=rss,"Sat, 25 Apr 2026 20:27:40 GMT",Key figure in Mandelson vetting row will not give evidence before MPs,"A key figure in the row over Lord Mandelson's vetting will not appear before a parliamentary committee of MPs to give evidence. The Foreign Affairs Committee had asked the Foreign Office if Ian Collard, a civil servant who ran the security team within the department, could attend next week. But the committee's chair Dame Emily Thornberry said the department made the ""decision to decline"" the request and Collard will only be giving evidence in writing. She added, on X: ""To be clear, I am satisfie","['Collard', 'the Foreign Office', 'The Foreign Affairs Committee']",0.802,"a key figure in the row over lord mandelson's vetting will not appear before a parliamentary committee of mps to give evidence. the foreign affairs committee had asked the foreign office if ian collard, a civil servant who ran the security team within the department, could attend next week. but the committee's chair dame emily thornberry said the department made the ""decision to decline"" the request and collard will only be giving evidence in writing. she added, on x: ""to be clear, i am satisfie",politics,0.05706132,False
309,https://www.bbc.com/news/articles/cde51y0zgjyo?at_medium=RSS&at_campaign=rss,"Fri, 24 Apr 2026 22:55:05 GMT",No 10 says Falklands sovereignty rests with UK after report of US 'review',"Sovereignty of the Falkland Islands ""rests with the UK"", Downing Street has said, following a report the US could review its position on Britain's claim to the territory. An internal Pentagon email reported by Reuters suggested the US was considering options to punish Nato allies it believed had failed to support its war on Iran. The options discussed also included seeking Spain's suspension from Nato over its opposition to the war. BBC News has not been able to review the email. A Pentagon spok","['Nato', 'Reuters', 'BBC News', 'Pentagon', 'Downing Street']",-0.9153,"sovereignty of the falkland islands ""rests with the uk"", downing street has said, following a report the us could review its position on britain's claim to the territory. an internal pentagon email reported by reuters suggested the us was considering options to punish nato allies it believed had failed to support its war on iran. the options discussed also included seeking spain's suspension from nato over its opposition to the war. bbc news has not been able to review the email. a pentagon spok",business,0.22717746,False
310,https://www.bbc.com/news/articles/cy01xn7wwx9o?at_medium=RSS&at_campaign=rss,"Fri, 24 Apr 2026 17:04:02 GMT",Starmer plans new powers to ban state-backed terror groups,Ministers are planning to introduce new anti-terror powers that would enable them to ban state threats such as Iran's Islamic Revolutionary Guards Corps (IRGC) in the next parliamentary session. The new powers would allow the UK government to label state-backed groups as terrorist organisations. The legal change is expected to create new criminal offences for people who support or promote groups formally listed as state-supported threats. The BBC understands the new powers will be included in th,"['Islamic Revolutionary Guards Corps', 'IRGC', 'BBC']",-0.8979,ministers are planning to introduce new anti-terror powers that would enable them to ban state threats such as iran's islamic revolutionary guards corps (irgc) in the next parliamentary session. the new powers would allow the uk government to label state-backed groups as terrorist organisations. the legal change is expected to create new criminal offences for people who support or promote groups formally listed as state-supported threats. the bbc understands the new powers will be included in th,business,0.09625036,False
311,https://www.bbc.com/news/articles/c8954xe8yjpo?at_medium=RSS&at_campaign=rss,"Fri, 24 Apr 2026 18:22:38 GMT",Zack Polanski calls for Trump to be 'kicked out' of his Scottish golf courses,"The leader of the Green Party in England and Wales has called for Donald Trump to be ""kicked out"" out of his Scottish golf courses and for them to be ""brought into community ownership"".  Zack Polanski made the comments on a visit to Glasgow as he supported his Scottish Green colleagues ahead of the Holyrood election. The leader was heavily critical of the US president, saying he had ""started illegal and unpopular wars"". Trump International in Scotland responded, saying the comments are ""frankly ","['Trump International', 'Holyrood', 'the Green Party']",-0.2263,"the leader of the green party in england and wales has called for donald trump to be ""kicked out"" out of his scottish golf courses and for them to be ""brought into community ownership"".  zack polanski made the comments on a visit to glasgow as he supported his scottish green colleagues ahead of the holyrood election. the leader was heavily critical of the us president, saying he had ""started illegal and unpopular wars"". trump international in scotland responded, saying the comments are ""frankly",politics,0.12623411,False
312,https://www.bbc.com/news/articles/c14564m22mzo?at_medium=RSS&at_campaign=rss,"Fri, 24 Apr 2026 09:38:41 GMT",Conservatives pledge to scrap 24-hour bus lanes,"The Conservatives are promising to end 24-hour bus lanes in areas where they control councils following May's local elections in England. The policy of ""bus lanes that make sense"" is part of a six-point plan for drivers announced by the Conservatives ahead of the polls. The party says the councils it runs will only allow bus lanes if there is a ""genuine requirement"". The Conservatives also said, if they were in government, they would end 24/7 bus lanes except with the specific written permission",['Conservatives'],0.743,"the conservatives are promising to end 24-hour bus lanes in areas where they control councils following may's local elections in england. the policy of ""bus lanes that make sense"" is part of a six-point plan for drivers announced by the conservatives ahead of the polls. the party says the councils it runs will only allow bus lanes if there is a ""genuine requirement"". the conservatives also said, if they were in government, they would end 24/7 bus lanes except with the specific written permission",politics,0.12699042,False
313,https://www.bbc.com/news/articles/c77mpknd6lpo?at_medium=RSS&at_campaign=rss,"Thu, 23 Apr 2026 18:36:57 GMT",Starmer says he's acting in national interest after Trump criticism,"Sir Keir Starmer says he will not be ""diverted or deflected"" from acting in what he says is the ""best national interest"", following critical remarks made about him by US President Donald Trump to the BBC. Speaking to reporters on Thursday, Sir Keir Starmer once again said he stood by his decision not to drag the UK into the Iran war, which began in late February. Earlier Trump spoke to the BBC about his relationship with the prime minister, saying the UK and other allies should have given the US",['BBC'],-0.0859,"sir keir starmer says he will not be ""diverted or deflected"" from acting in what he says is the ""best national interest"", following critical remarks made about him by us president donald trump to the bbc. speaking to reporters on thursday, sir keir starmer once again said he stood by his decision not to drag the uk into the iran war, which began in late february. earlier trump spoke to the bbc about his relationship with the prime minister, saying the uk and other allies should have given the us",politics,0.1391104,False
314,https://www.bbc.com/news/articles/cx2wdegnzzjo?at_medium=RSS&at_campaign=rss,"Fri, 24 Apr 2026 03:03:55 GMT",Trump tells BBC that King's visit could 'absolutely' help repair relations with UK,"US President Donald Trump has said next week's state visit from King Charles III and Queen Camilla could help repair relations with the UK. When asked in a phone interview with the BBC whether the visit could help repair the relationship, Trump said: ""Absolutely. He's fantastic. He's a fantastic man. Absolutely the answer is yes."" ""I know him well, I've known him for years,"" he said. ""He's a brave man, and he's a great man. They would absolutely be a positive."" The president also spoke about his","['BBC', 'Trump']",0.969,"us president donald trump has said next week's state visit from king charles iii and queen camilla could help repair relations with the uk. when asked in a phone interview with the bbc whether the visit could help repair the relationship, trump said: ""absolutely. he's fantastic. he's a fantastic man. absolutely the answer is yes."" ""i know him well, i've known him for years,"" he said. ""he's a brave man, and he's a great man. they would absolutely be a positive."" the president also spoke about his",sport,0.22442135,False
315,https://www.bbc.com/news/articles/cy01r3jedgdo?at_medium=RSS&at_campaign=rss,"Thu, 23 Apr 2026 21:13:58 GMT",PM's ex-chief of staff says he doesn't recognise claims about his behaviour,"Morgan McSweeney has said he does not recognise descriptions in the media about his behaviour while serving as Sir Keir Starmer's chief of staff. Speaking at a conference in Ukraine, McSweeney said he found it ""strange reading about a character with the same name as mine sometimes"", as he spoke publicly for the first time about his departure from No 10 over Lord Mandelson's appointment as US ambassador. He expressed regret over his advice to the prime minister to appoint Lord Mandelson. However,",['Morgan McSweeney'],-0.7003,"morgan mcsweeney has said he does not recognise descriptions in the media about his behaviour while serving as sir keir starmer's chief of staff. speaking at a conference in ukraine, mcsweeney said he found it ""strange reading about a character with the same name as mine sometimes"", as he spoke publicly for the first time about his departure from no 10 over lord mandelson's appointment as us ambassador. he expressed regret over his advice to the prime minister to appoint lord mandelson. however,",politics,0.13531238,False
316,https://www.bbc.com/news/articles/cz0ev7enk2lo?at_medium=RSS&at_campaign=rss,"Thu, 23 Apr 2026 16:02:34 GMT",UK and France strike new £662m small boats deal,"Riot-trained police will be sent to beaches in France as part of a new £662m deal with the UK to stop illegal migrants from crossing the English Channel. Home Secretary Shabana Mahmood signed the three-year agreement with France on Thursday, which will see at least 50 police officers, trained in ""riot and crowd control tactics"", drafted in to tackle violence and ""hostile crowds"". The deal will involve France deploying millions of pounds worth of drones, two helicopters, and a camera system to in",[],-0.9001,"riot-trained police will be sent to beaches in france as part of a new £662m deal with the uk to stop illegal migrants from crossing the english channel. home secretary shabana mahmood signed the three-year agreement with france on thursday, which will see at least 50 police officers, trained in ""riot and crowd control tactics"", drafted in to tackle violence and ""hostile crowds"". the deal will involve france deploying millions of pounds worth of drones, two helicopters, and a camera system to in",business,0.16879508,False
317,https://www.bbc.com/news/articles/c2d8610rny4o?at_medium=RSS&at_campaign=rss,"Thu, 23 Apr 2026 20:45:52 GMT",SNP's McAllan supports more 'evidence-led' drilling in North Sea,"SNP minister Mairi McAllan has said there should be more drilling in the North Sea, providing it is compatible with climate targets and required for energy security. Appearing on the BBC's Question Time, McAllan initially said she had ""not seen the evidence"" to support more drilling - as decisions on further oil exploration are made by the UK government - but made the concession when pressed. It comes weeks after John Swinney signalled a softening of the SNP's stance against licensing new offsho","['BBC', 'SNP', 'McAllan', 'Question Time']",0.5499,"snp minister mairi mcallan has said there should be more drilling in the north sea, providing it is compatible with climate targets and required for energy security. appearing on the bbc's question time, mcallan initially said she had ""not seen the evidence"" to support more drilling - as decisions on further oil exploration are made by the uk government - but made the concession when pressed. it comes weeks after john swinney signalled a softening of the snp's stance against licensing new offsho",business,0.31200707,False
318,https://www.bbc.com/news/articles/cq59nqv8v88o?at_medium=RSS&at_campaign=rss,"Thu, 23 Apr 2026 17:34:04 GMT",Welsh first minister uses cocktail cans as props and admits she could lose her seat in election,"First Minister Eluned Morgan has admitted she could lose her ""knife edge"" seat in the Welsh election - while using canned cocktails as props to urge voters to back Labour. Morgan appears in a social media video published on Thursday where she claims Plaid Cymru would win ""at least two seats, maybe even a third"" in her constituency of Ceredigion Penfro. She says that the ""real battle is between Reform, the Tories and Labour"" for the other seats, with six up for grabs in each constituency in Wales",['Reform'],-0.0258,"first minister eluned morgan has admitted she could lose her ""knife edge"" seat in the welsh election - while using canned cocktails as props to urge voters to back labour. morgan appears in a social media video published on thursday where she claims plaid cymru would win ""at least two seats, maybe even a third"" in her constituency of ceredigion penfro. she says that the ""real battle is between reform, the tories and labour"" for the other seats, with six up for grabs in each constituency in wales",sport,0.06095997,False
319,https://www.bbc.com/news/articles/clyxlnzrq41o?at_medium=RSS&at_campaign=rss,"Thu, 23 Apr 2026 18:50:58 GMT","Proxy attacks in UK a real and growing concern, says PM","The use of proxies by hostile states to carry out attacks in the UK is a ""growing concern"", the prime minister has said. Sir Keir Starmer expressed worry over the use of proxies - groups used by states to carry out criminal acts - by ""a number of countries"" during a visit to Kenton United Synagogue, which was targeted with a petrol bomb on Saturday. There has been a series of arson attacks against targets belonging to the Jewish community in the UK since late March, including two synagogues and ",[],-0.9201,"the use of proxies by hostile states to carry out attacks in the uk is a ""growing concern"", the prime minister has said. sir keir starmer expressed worry over the use of proxies - groups used by states to carry out criminal acts - by ""a number of countries"" during a visit to kenton united synagogue, which was targeted with a petrol bomb on saturday. there has been a series of arson attacks against targets belonging to the jewish community in the uk since late march, including two synagogues and",politics,0.2586625,False
320,https://www.bbc.com/news/articles/c4g615jnv17o?at_medium=RSS&at_campaign=rss,"Thu, 23 Apr 2026 15:13:21 GMT",Hillsborough Law to progress in next parliamentary session,"Progress on the long-delayed Hillsborough Law will continue after ministers agreed to carry the bill over to the next parliamentary session. Labour's Ian Byrne, who was at Hillsborough on the day of the disaster which claimed the lives of 97 Liverpool fans, welcomed the commitment but urged the government to ""end the delays"". Prime Minister Sir Keir Starmer had promised to deliver the draft law, formally known as the Public Office (Accountability) Bill, by 15 April last year. But progress was st","['Liverpool', 'the Public Office', 'Labour']",0.8537,"progress on the long-delayed hillsborough law will continue after ministers agreed to carry the bill over to the next parliamentary session. labour's ian byrne, who was at hillsborough on the day of the disaster which claimed the lives of 97 liverpool fans, welcomed the commitment but urged the government to ""end the delays"". prime minister sir keir starmer had promised to deliver the draft law, formally known as the public office (accountability) bill, by 15 april last year. but progress was st",politics,0.2499967,False
321,https://www.bbc.com/news/articles/cq6jnz828ljo?at_medium=RSS&at_campaign=rss,"Thu, 23 Apr 2026 16:50:55 GMT",Greens promise 'affordable' leases to help High Streets,"The Green Party of England and Wales is pledging to create ""affordable"" leases for local businesses, as part of its plan to revive high streets. The party has set out a blueprint it says will help revive high streets in any councils where it wins control at May's local elections in England. The party says any Green-run councils would make use of compulsory purchase orders to bring long-term empty shops back into public use. Once in public ownership, these shops would be leased to small businesse",['The Green Party of England'],0.9559,"the green party of england and wales is pledging to create ""affordable"" leases for local businesses, as part of its plan to revive high streets. the party has set out a blueprint it says will help revive high streets in any councils where it wins control at may's local elections in england. the party says any green-run councils would make use of compulsory purchase orders to bring long-term empty shops back into public use. once in public ownership, these shops would be leased to small businesse",politics,0.21985777,False
322,https://www.bbc.com/news/articles/cvg423lnlp5o?at_medium=RSS&at_campaign=rss,"Fri, 24 Apr 2026 17:16:12 GMT",A grim week for Starmer - but things could be about to get worse,"This was the week questions about the future of the prime minister took a turn for the worse for Sir Keir Starmer. If you had asked me a fortnight ago about the sentiment we were picking up from Labour MPs about Sir Keir's future in Downing Street, I would have told you that pressure from them appeared to have eased. Perhaps, some pondered, after the prime minister's political near death experience in February - the moment the Energy Secretary Ed Miliband said the party ""looked over the precipic","['Energy', 'Labour']",-0.4939,"this was the week questions about the future of the prime minister took a turn for the worse for sir keir starmer. if you had asked me a fortnight ago about the sentiment we were picking up from labour mps about sir keir's future in downing street, i would have told you that pressure from them appeared to have eased. perhaps, some pondered, after the prime minister's political near death experience in february - the moment the energy secretary ed miliband said the party ""looked over the precipic",politics,0.12729684,False
323,https://www.bbc.com/news/articles/cm2k59l2l02o?at_medium=RSS&at_campaign=rss,"Fri, 24 Apr 2026 15:45:51 GMT",The assisted dying bill has failed - but the debate isn't over,"Friday 20 June 2025 felt like a day of history in the House of Commons.  MPs approved a bill which would have legalised assisted dying in England and Wales. After a passionate and thoughtful debate, 314 MPs backed the bill – 291 voted against. The decision was compared to some of the biggest votes on matters of conscience; the Abortion Act, legalising homosexuality and allowing gay marriage. Campaigners outside Parliament, who had wanted the choice to end their own lives, were emotional and deli","['Parliament', 'the House of Commons']",0.9022,"friday 20 june 2025 felt like a day of history in the house of commons.  mps approved a bill which would have legalised assisted dying in england and wales. after a passionate and thoughtful debate, 314 mps backed the bill – 291 voted against. the decision was compared to some of the biggest votes on matters of conscience; the abortion act, legalising homosexuality and allowing gay marriage. campaigners outside parliament, who had wanted the choice to end their own lives, were emotional and deli",politics,0.19944556,False
324,https://www.bbc.com/news/articles/cly7w3zjl38o?at_medium=RSS&at_campaign=rss,"Fri, 24 Apr 2026 13:26:07 GMT",Falklands is a pressure point for the UK – and the US knows it,"If you need evidence of the geopolitical waves caused by the US war with Iran, the fact that they have now reached the shores of this remote archipelago provides it. For as long as the sovereignty of the Falkland Islands, known in Argentina as Las Malvinas, has been an issue, the official US position has been one of neutrality, while recognising de facto British control. Unofficially, however, they have offered diplomatic and, on occasion, military support to the UK. This was most evident in the",[],-0.2023,"if you need evidence of the geopolitical waves caused by the us war with iran, the fact that they have now reached the shores of this remote archipelago provides it. for as long as the sovereignty of the falkland islands, known in argentina as las malvinas, has been an issue, the official us position has been one of neutrality, while recognising de facto british control. unofficially, however, they have offered diplomatic and, on occasion, military support to the uk. this was most evident in the",business,0.2075131,False
325,https://www.bbc.com/news/articles/c9wqzekxvlqo?at_medium=RSS&at_campaign=rss,"Fri, 24 Apr 2026 05:52:54 GMT","Waiting lists apology, cost of living and more powers in election debate","First Minister Eluned Morgan has apologised to patients in Wales facing lengthy waits for NHS treatment. She was challenged to ""say sorry"" by an audience member in a live TV election debate. Figures published earlier on Thursday show Ms Morgan's government has failed to meet its own targets for bringing waits down. During the debate from S4C's headquarters in Carmarthen, Morgan was challenged by a member of the audience who spoke about a friend who has waited ""five years"" for hip treatment. ""He ","['S4C', 'NHS']",-0.2023,"first minister eluned morgan has apologised to patients in wales facing lengthy waits for nhs treatment. she was challenged to ""say sorry"" by an audience member in a live tv election debate. figures published earlier on thursday show ms morgan's government has failed to meet its own targets for bringing waits down. during the debate from s4c's headquarters in carmarthen, morgan was challenged by a member of the audience who spoke about a friend who has waited ""five years"" for hip treatment. ""he",entertainment,0.16789097,False
326,https://www.bbc.com/news/articles/cy91387ljeeo?at_medium=RSS&at_campaign=rss,"Thu, 23 Apr 2026 12:47:49 GMT",Key takeaways from senior official on Mandelson vetting,"Cat Little, the most senior civil servant at the Cabinet Office, has been giving evidence to the Commons foreign affairs committee about the vetting of Lord Mandelson. The peer was given security clearance for the role of UK ambassador to the US, despite concerns being raised by vetting officials. The prime minister went on to sack him in September last year, after new information came to light about the depth of his relationship with the late convicted sex offender Jeffrey Epstein. Little's app","['the Cabinet Office', 'Cat Little']",0.3182,"cat little, the most senior civil servant at the cabinet office, has been giving evidence to the commons foreign affairs committee about the vetting of lord mandelson. the peer was given security clearance for the role of uk ambassador to the us, despite concerns being raised by vetting officials. the prime minister went on to sack him in september last year, after new information came to light about the depth of his relationship with the late convicted sex offender jeffrey epstein. little's app",politics,0.112797625,False
327,https://www.bbc.com/news/articles/c78lp5jw8yxo?at_medium=RSS&at_campaign=rss,"Wed, 22 Apr 2026 18:23:37 GMT",Labour MPs are increasingly restless – but aren't ready to oust Starmer yet,"Labour is trailing in the polls and the prime minister's personal ratings have plumbed the depths. The party is facing losses in forthcoming elections: losing control of Wales, shedding councillors in England, and going into reverse in Scotland. To put the tin lid on it, the prime minister has been on the back foot over his appointment of Lord Mandelson to the job of ambassador to the US, and the subsequent sacking of senior civil servant, Sir Olly Robbins, in a row over security vetting. So the",['Labour'],-0.0516,"labour is trailing in the polls and the prime minister's personal ratings have plumbed the depths. the party is facing losses in forthcoming elections: losing control of wales, shedding councillors in england, and going into reverse in scotland. to put the tin lid on it, the prime minister has been on the back foot over his appointment of lord mandelson to the job of ambassador to the us, and the subsequent sacking of senior civil servant, sir olly robbins, in a row over security vetting. so the",politics,0.18600123,False
328,https://www.bbc.com/news/articles/cdxk5e570qxo?at_medium=RSS&at_campaign=rss,"Tue, 21 Apr 2026 15:40:56 GMT",Key evidence from sacked official at heart of Mandelson vetting row,"Sir Olly Robbins, the former top civil servant at the Foreign Office, has been giving evidence to MPs on the foreign affairs committee about his role in vetting Lord Mandelson to be the UK's ambassador to the US.  It comes after Sir Olly was effectively sacked last week after it emerged his department had granted the peer security clearance for the role in January 2025, despite concerns raised by vetting officials. Lord Mandelson formally took up the role the following month, but was sacked seve",['the Foreign Office'],0.6428,"sir olly robbins, the former top civil servant at the foreign office, has been giving evidence to mps on the foreign affairs committee about his role in vetting lord mandelson to be the uk's ambassador to the us.  it comes after sir olly was effectively sacked last week after it emerged his department had granted the peer security clearance for the role in january 2025, despite concerns raised by vetting officials. lord mandelson formally took up the role the following month, but was sacked seve",politics,0.08392724,False
329,https://www.bbc.com/news/articles/czd7zl7g15po?at_medium=RSS&at_campaign=rss,"Mon, 27 Apr 2026 10:39:41 GMT",What does devolution mean and how does it work across the UK?,"Millions of voters will head to the polls on 7 May, for local elections in England and national parliamentary elections in Scotland and Wales.  The UK has had devolved governments since the late 1990s, which work alongside the Westminster Parliament. Different types of devolution are in place across Scotland, Wales and Northern Ireland, as well as in parts of England. Devolution means the transfer of power away from central government. For many years, England, Wales, Scotland and Northern Irelan",['the Westminster Parliament'],0.2732,"millions of voters will head to the polls on 7 may, for local elections in england and national parliamentary elections in scotland and wales.  the uk has had devolved governments since the late 1990s, which work alongside the westminster parliament. different types of devolution are in place across scotland, wales and northern ireland, as well as in parts of england. devolution means the transfer of power away from central government. for many years, england, wales, scotland and northern irelan",sport,0.3215149,False
330,https://www.bbc.com/news/articles/c895jpwl9gpo?at_medium=RSS&at_campaign=rss,"Tue, 21 Apr 2026 12:16:18 GMT",Robbins's revelations are a dangerous moment for Starmer,"Sir Olly Robbins did not tell anyone in No 10 about the vetting concerns around Lord Mandelson. That is one thing he confirmed pretty quickly in his appearance before the Commons Foreign Affairs Committee. At the end of last week, that would have counted as a positive development for No 10.  After all, what fuelled so much of the initial fury from opposition parties about the latest Mandelson developments was their assumption  - a wrong assumption, as it transpires  - that the prime minister or ",['the Commons Foreign Affairs Committee'],-0.1779,"sir olly robbins did not tell anyone in no 10 about the vetting concerns around lord mandelson. that is one thing he confirmed pretty quickly in his appearance before the commons foreign affairs committee. at the end of last week, that would have counted as a positive development for no 10.  after all, what fuelled so much of the initial fury from opposition parties about the latest mandelson developments was their assumption  - a wrong assumption, as it transpires  - that the prime minister or",politics,0.1711108,False
331,https://www.bbc.com/news/articles/cj0n5700nrpo?at_medium=RSS&at_campaign=rss,"Tue, 21 Apr 2026 17:28:39 GMT",What we know about Mandelson's vetting and security clearance,"It has emerged that Lord Mandelson was granted security clearance by the Foreign Office, despite concerns being raised during the vetting process. The peer was appointed as the UK's ambassador to the US in December 2024 but was sacked last September when further information about his ties to convicted sex offender Jeffrey Epstein came to light. Prime Minister Sir Keir Starmer and Sir Olly Robbins, the Foreign Office's top civil servant who was sacked over the decision to grant Lord Mandelson sec","[""the Foreign Office's"", 'the Foreign Office']",0.5267,"it has emerged that lord mandelson was granted security clearance by the foreign office, despite concerns being raised during the vetting process. the peer was appointed as the uk's ambassador to the us in december 2024 but was sacked last september when further information about his ties to convicted sex offender jeffrey epstein came to light. prime minister sir keir starmer and sir olly robbins, the foreign office's top civil servant who was sacked over the decision to grant lord mandelson sec",politics,0.086533636,False
332,https://www.bbc.com/news/articles/cjd8448m959o?at_medium=RSS&at_campaign=rss,"Mon, 20 Apr 2026 17:00:45 GMT",Key points from Starmer's Mandelson statement,"Sir Keir Starmer has been in the Commons again, defending his actions over the appointment of Lord Mandelson as ambassador to the US. It comes after it emerged the peer was given security clearance for the role in January 2025, against the recommendation of officials who vetted him.  He formally took up the role the following month, and was sacked seven months later over his ties to the late convicted sex offender Jeffrey Epstein. The prime minister had many angry words for the Foreign Office, t",['the Foreign Office'],-0.5267,"sir keir starmer has been in the commons again, defending his actions over the appointment of lord mandelson as ambassador to the us. it comes after it emerged the peer was given security clearance for the role in january 2025, against the recommendation of officials who vetted him.  he formally took up the role the following month, and was sacked seven months later over his ties to the late convicted sex offender jeffrey epstein. the prime minister had many angry words for the foreign office, t",politics,0.09411119,False
333,https://www.bbc.com/news/articles/c62nq678nyzo?at_medium=RSS&at_campaign=rss,"Tue, 21 Apr 2026 18:21:42 GMT","What you need to know about the 7 May elections in England, Scotland and Wales","The biggest set of elections since the 2024 general election will see millions of people head to the polls on 7 May. Voters in Scotland and Wales will elect representatives to their national parliaments, while a number of local council and mayoral polls will take place in England.  In Northern Ireland, local council and Assembly elections are scheduled for May 2027.  To vote on 7 May, you needed to be on the electoral register by 23:59 BST on Monday 20 April. The deadline has also passed to requ","['Assembly', 'BST']",0.0772,"the biggest set of elections since the 2024 general election will see millions of people head to the polls on 7 may. voters in scotland and wales will elect representatives to their national parliaments, while a number of local council and mayoral polls will take place in england.  in northern ireland, local council and assembly elections are scheduled for may 2027.  to vote on 7 may, you needed to be on the electoral register by 23:59 bst on monday 20 april. the deadline has also passed to requ",politics,0.14288934,False
334,https://www.bbc.com/news/articles/c4gd7kxdk37o?at_medium=RSS&at_campaign=rss,"Sat, 18 Apr 2026 12:32:35 GMT",Why Starmer still can't move on from the Mandelson mess,"Everyone's cross. The prime minister's furious. Whitehall's angry. Labour MPs are frustrated. But giving a top official, Sir Olly Robbins, the boot has not brought an end to this fiasco, nor to the political blowback for Sir Keir Starmer. As one party insider suggests in disbelief: ""There's no point Keir saying again and again he's angry, when that's exactly how the public feels about him!"" The prime minister's original decision to give Peter Mandelson the US ambassadorship, one of the best jobs",[],-0.2393,"everyone's cross. the prime minister's furious. whitehall's angry. labour mps are frustrated. but giving a top official, sir olly robbins, the boot has not brought an end to this fiasco, nor to the political blowback for sir keir starmer. as one party insider suggests in disbelief: ""there's no point keir saying again and again he's angry, when that's exactly how the public feels about him!"" the prime minister's original decision to give peter mandelson the us ambassadorship, one of the best jobs",politics,0.20610312,False
335,https://www.bbc.com/news/articles/c86eew6jpjgo?at_medium=RSS&at_campaign=rss,"Wed, 15 Apr 2026 10:40:56 GMT","Bogus websites, staged protests and pretend atheists: Inside the fake asylum industry","From fake news websites to staged political protests and bogus medical conditions, asylum seekers and the advisers helping them are using an array of fabricated evidence to bolster their fake claims. It all amounts to a sham industry, which includes charging migrants for advice on how to pose as gay to claim asylum, as exposed by the first part of our undercover investigation into the immigration system.  Other techniques include paying to write articles in atheist magazines and hiring someone t",[],-0.7351,"from fake news websites to staged political protests and bogus medical conditions, asylum seekers and the advisers helping them are using an array of fabricated evidence to bolster their fake claims. it all amounts to a sham industry, which includes charging migrants for advice on how to pose as gay to claim asylum, as exposed by the first part of our undercover investigation into the immigration system.  other techniques include paying to write articles in atheist magazines and hiring someone t",business,0.09282686,False
336,https://www.bbc.com/news/articles/c937wldkkw8o?at_medium=RSS&at_campaign=rss,"Wed, 15 Apr 2026 11:02:17 GMT","Legal advisers help migrants pose as gay to get asylum, undercover BBC investigation finds","A shadow industry of law firms and advisers is charging thousands of pounds to help migrants pretend to be gay in order to stay in the UK, the BBC has found. In the first part of a major undercover investigation, we reveal how migrants whose visas are due to run out are being given fake cover stories and instructed in how to obtain fabricated evidence, including supporting letters, photographs and medical reports. They then apply for asylum claiming to be gay and in fear for their lives if they ",['BBC'],-0.2732,"a shadow industry of law firms and advisers is charging thousands of pounds to help migrants pretend to be gay in order to stay in the uk, the bbc has found. in the first part of a major undercover investigation, we reveal how migrants whose visas are due to run out are being given fake cover stories and instructed in how to obtain fabricated evidence, including supporting letters, photographs and medical reports. they then apply for asylum claiming to be gay and in fear for their lives if they",business,0.11813806,False
337,https://www.bbc.com/news/articles/cvg0j6pw1l3o?at_medium=RSS&at_campaign=rss,"Wed, 15 Apr 2026 10:05:13 GMT",A simple guide to every new constituency in Wales - and all the election candidates,"How we vote in Wales is changing for the Senedd election on 7 May.  The constituencies - or electoral areas - where you vote to choose your political representatives are all new.  Wales will now have 16 constituencies for the upcoming election, which have each been given a new Welsh-only name. People aged 16 and over will be asked to vote for one party in their constituency, and from those votes six Members of the Senedd (MSs) will be elected in each area to represent it. So what are the new con","['Senedd', 'Welsh', 'Wales']",0.4019,"how we vote in wales is changing for the senedd election on 7 may.  the constituencies - or electoral areas - where you vote to choose your political representatives are all new.  wales will now have 16 constituencies for the upcoming election, which have each been given a new welsh-only name. people aged 16 and over will be asked to vote for one party in their constituency, and from those votes six members of the senedd (mss) will be elected in each area to represent it. so what are the new con",politics,0.17363782,False
338,https://www.bbc.com/news/articles/cp388j32wnvo?at_medium=RSS&at_campaign=rss,"Tue, 14 Apr 2026 16:28:06 GMT",Criticism of complacency on defence spending will sting government,"Lord George Robertson's comments about ""corrosive complacency"" on defence will sting the government.  He was the former defence secretary handpicked by Labour to carry out its Strategic Defence Review (SDR).  That highlighted serious gaps in the UK's armed forces - which ministers said would be addressed in its much-delayed defence investment plan.  Ministers had promised to publish that 10-year plan before Christmas, but recent reports suggest it is still being argued over within government. Th","['SDR', 'Defence Review', 'Labour']",-0.2144,"lord george robertson's comments about ""corrosive complacency"" on defence will sting the government.  he was the former defence secretary handpicked by labour to carry out its strategic defence review (sdr).  that highlighted serious gaps in the uk's armed forces - which ministers said would be addressed in its much-delayed defence investment plan.  ministers had promised to publish that 10-year plan before christmas, but recent reports suggest it is still being argued over within government. th",politics,0.27386692,False
339,https://www.bbc.com/news/articles/c4gxw5dw8vwo?at_medium=RSS&at_campaign=rss,"Sat, 11 Apr 2026 23:19:57 GMT",Messy and unpredictable: What I learned from election tour of the UK,"Next month's elections in Scotland, Wales and for local councils in many parts of England will be the biggest test of public opinion since the 2024 general election.  Here is what I learned from talking to voters on a whistlestop tour across the UK, from London to Cardiff, then Birmingham, Stockport, Gateshead and Edinburgh. It has become fashionable to declare two-party politics dead, to herald a new world where seven parties battle it out: Labour, Conservative, Lib Dem, Reform UK, Green, Plaid",['Gateshead'],-0.6369,"next month's elections in scotland, wales and for local councils in many parts of england will be the biggest test of public opinion since the 2024 general election.  here is what i learned from talking to voters on a whistlestop tour across the uk, from london to cardiff, then birmingham, stockport, gateshead and edinburgh. it has become fashionable to declare two-party politics dead, to herald a new world where seven parties battle it out: labour, conservative, lib dem, reform uk, green, plaid",politics,0.16112775,False
340,https://www.bbc.com/news/articles/c070xervlydo?at_medium=RSS&at_campaign=rss,"Fri, 10 Apr 2026 18:51:30 GMT",Is the Trump-Starmer bromance over?,"It was always an unlikely political bromance: the camera-loving, right-wing businessman hitting it off with a restrained, left-wing London lawyer. Cupid's arrow struck during a two-hour dinner at Trump Tower in September 2024. Five months later in the Oval Office, Starmer whipped out an invitation from the King. The president almost purred. The strength of that initial Trump-Starmer relationship was both a surprise, and a rare example of a clear success for the PM amid a domestically difficult f","['the Oval Office', 'Cupid', 'Trump-Starmer']",0.7806,"it was always an unlikely political bromance: the camera-loving, right-wing businessman hitting it off with a restrained, left-wing london lawyer. cupid's arrow struck during a two-hour dinner at trump tower in september 2024. five months later in the oval office, starmer whipped out an invitation from the king. the president almost purred. the strength of that initial trump-starmer relationship was both a surprise, and a rare example of a clear success for the pm amid a domestically difficult f",business,0.18631372,False
341,https://www.bbc.com/news/articles/c5y73z94xzeo?at_medium=RSS&at_campaign=rss,"Sat, 04 Apr 2026 23:11:09 GMT",Comedians tell ministers lack of funding is no laughing matter,"Britain is known round the world for its comedy – but industry leaders are warning the ""next generation of comedy voices"" will struggle to break through without more funding and incentives. While comedy is considered to be one of the most popular forms of entertainment in the country, it has not traditionally been one to receive guaranteed state support. But although there are big name comedians selling out arenas and sitcoms pulling in millions of viewers, there are grassroots venues - where yo",[],0.9625,"britain is known round the world for its comedy – but industry leaders are warning the ""next generation of comedy voices"" will struggle to break through without more funding and incentives. while comedy is considered to be one of the most popular forms of entertainment in the country, it has not traditionally been one to receive guaranteed state support. but although there are big name comedians selling out arenas and sitcoms pulling in millions of viewers, there are grassroots venues - where yo",business,0.114164166,False
342,https://www.bbc.com/news/articles/c1krxlvjezro?at_medium=RSS&at_campaign=rss,"Wed, 22 Apr 2026 09:28:49 GMT","Starmer sends 'chill' through civil service, its union boss says","Sir Keir Starmer is being accused of sending a ""real chill throughout the civil service"" by a senior union official, after the PM's decision to sack the lead civil servant in the Foreign Office over the Lord Mandelson vetting fiasco. Sir Olly Robbins, who gave evidence to the Foreign Affairs Select Committee on Tuesday, was fired as the permanent under secretary at the Foreign Office last week. Dave Penman, head of the FDA trade union which represents senior civil servants, told BBC Newsnight: ""","['FDA', 'the Foreign Affairs Select Committee', 'the Foreign Office', 'BBC Newsnight']",-0.8442,"sir keir starmer is being accused of sending a ""real chill throughout the civil service"" by a senior union official, after the pm's decision to sack the lead civil servant in the foreign office over the lord mandelson vetting fiasco. sir olly robbins, who gave evidence to the foreign affairs select committee on tuesday, was fired as the permanent under secretary at the foreign office last week. dave penman, head of the fda trade union which represents senior civil servants, told bbc newsnight: """,politics,0.16322586,False
343,https://www.bbc.com/news/articles/czrezg3vyzjo?at_medium=RSS&at_campaign=rss,"Tue, 21 Apr 2026 05:58:06 GMT",Sacked civil servant to speak out in Mandelson vetting row,"The former lead civil servant at the Foreign Office, sacked by the prime minister and foreign secretary last week, will give his side of the story in Parliament this morning. Sir Olly Robbins, who had been the permanent under secretary at the Foreign Office since January 2025, was removed from his post last Thursday evening after the prime minister discovered he had not been told by Sir Olly that Lord Peter Mandelson had failed his vetting process to be the UK's ambassador in Washington. Sir Oll","['Parliament', 'the Foreign Office']",-0.5106,"the former lead civil servant at the foreign office, sacked by the prime minister and foreign secretary last week, will give his side of the story in parliament this morning. sir olly robbins, who had been the permanent under secretary at the foreign office since january 2025, was removed from his post last thursday evening after the prime minister discovered he had not been told by sir olly that lord peter mandelson had failed his vetting process to be the uk's ambassador in washington. sir oll",politics,0.18291315,False
344,https://www.bbc.com/news/articles/c2lwqrrp8ylo?at_medium=RSS&at_campaign=rss,"Mon, 20 Apr 2026 09:05:48 GMT",Chris Mason: PM facing awkward hours ahead as Mandelson questions remain,"I occasionally like to kid myself that after 20-plus years of reporting from Westminster, I can't be entirely surprised any more. Then, along came the row of the last few days after The Guardian's revelations about Lord Mandelson, his vetting and the removal of the most senior civil servant at the Foreign Office, Sir Olly Robbins. It all prompted a one-word question from many of us: how? How could so senior a civil servant be in possession of such apparently politically explosive information and","['the Foreign Office', 'Guardian']",0.0834,"i occasionally like to kid myself that after 20-plus years of reporting from westminster, i can't be entirely surprised any more. then, along came the row of the last few days after the guardian's revelations about lord mandelson, his vetting and the removal of the most senior civil servant at the foreign office, sir olly robbins. it all prompted a one-word question from many of us: how? how could so senior a civil servant be in possession of such apparently politically explosive information and",business,0.11667093,False
345,https://www.bbc.com/news/articles/c8dl8l5l008o?at_medium=RSS&at_campaign=rss,"Fri, 17 Apr 2026 00:40:43 GMT",Chris Mason: Mandelson nightmare haunts Starmer again,"The prime minister's decision to send Lord Mandelson to Washington is like a horror film for Sir Keir Starmer, stuck on repeat. The whole saga has now cost another person their job – Sir Olly Robbins, the most senior civil servant in the Foreign Office. And there are some, both on the opposition benches and within the Labour Party, who think it might yet cost the prime minister his. Let me walk you through the extraordinary twists and turns of Thursday afternoon and evening. Shortly after 15:00 ","['the Labour Party', 'the Foreign Office']",-0.128,"the prime minister's decision to send lord mandelson to washington is like a horror film for sir keir starmer, stuck on repeat. the whole saga has now cost another person their job – sir olly robbins, the most senior civil servant in the foreign office. and there are some, both on the opposition benches and within the labour party, who think it might yet cost the prime minister his. let me walk you through the extraordinary twists and turns of thursday afternoon and evening. shortly after 15:00",politics,0.18472196,False
346,https://www.bbc.com/news/articles/cwyxy54pv9po?at_medium=RSS&at_campaign=rss,"Sat, 21 Mar 2026 11:27:14 GMT","As Starmer faces war overseas, his party can't find peace at home","Traditionally, British politicians stuck together when it came to dangerous moments abroad. In 2026? Not so much. It used to be the case that governments with whopping majorities could more or less do what they liked. That's not true now. Sir Keir Starmer's party is still restless, and underneath the overwhelming scale of the crisis in the Middle East, politics continues to fray. ""There is a lot of anxiety around,"" one minister tells me, adding that it's not clear the public has a whole heap of ",[],-0.8755,"traditionally, british politicians stuck together when it came to dangerous moments abroad. in 2026? not so much. it used to be the case that governments with whopping majorities could more or less do what they liked. that's not true now. sir keir starmer's party is still restless, and underneath the overwhelming scale of the crisis in the middle east, politics continues to fray. ""there is a lot of anxiety around,"" one minister tells me, adding that it's not clear the public has a whole heap of",politics,0.20363839,False
347,https://www.bbc.com/news/articles/cn8z5zvlz5yo?at_medium=RSS&at_campaign=rss,"Tue, 03 Mar 2026 16:26:21 GMT",Why Europe's leaders have struggled to speak as one on Iran,"Europe knew this may be coming. For weeks, leaders and policy makers watched the US military build-up in the Middle East. They heard the threats of the Trump administration to Tehran: Give up all nuclear aspirations - or else! But since the US-Israeli attack started on Iran three days ago, this continent has looked at best uncoordinated, if not fractured and decidedly without leverage, caught up in the maelstrom of events. Each European country is understandably angsting about its citizens in th",['Trump'],0.2598,"europe knew this may be coming. for weeks, leaders and policy makers watched the us military build-up in the middle east. they heard the threats of the trump administration to tehran: give up all nuclear aspirations - or else! but since the us-israeli attack started on iran three days ago, this continent has looked at best uncoordinated, if not fractured and decidedly without leverage, caught up in the maelstrom of events. each european country is understandably angsting about its citizens in th",business,0.23866074,False
348,https://www.bbc.com/news/articles/cy0dgpx71dyo?at_medium=RSS&at_campaign=rss,"Sat, 14 Feb 2026 13:39:40 GMT",One giant boys' club? Why Westminster can still feel like a man's world,"Is there a boys' club in politics? I ask a smart, tough, very experienced woman who has worked at the highest level of government. ""Yes,"" comes the answer - without a second's hesitation. ""The end."" Yes, many more women than ever have taken up perches on the green benches - but that's not the same as having access to the inner sanctum where decisions are made. Yes, there are many more women working at senior levels in Whitehall - and all the main parties have made big efforts to get more women i",[],0.8737,"is there a boys' club in politics? i ask a smart, tough, very experienced woman who has worked at the highest level of government. ""yes,"" comes the answer - without a second's hesitation. ""the end."" yes, many more women than ever have taken up perches on the green benches - but that's not the same as having access to the inner sanctum where decisions are made. yes, there are many more women working at senior levels in whitehall - and all the main parties have made big efforts to get more women i",sport,0.21013936,False
349,https://www.bbc.com/news/videos/cvgkgwnq2jlo?at_medium=RSS&at_campaign=rss,"Mon, 27 Apr 2026 21:26:14 GMT",Five things to look out for in the leaders' debate,More on this story. Copyright 2026 BBC. All rights reserved. The BBC is not responsible for the content of external sites. Read about our approach to external linking.  ,['BBC'],-0.2411,more on this story. copyright 2026 bbc. all rights reserved. the bbc is not responsible for the content of external sites. read about our approach to external linking.,entertainment,0.17368384,False
350,https://www.bbc.com/news/videos/cx2v25l4xxeo?at_medium=RSS&at_campaign=rss,"Sun, 26 Apr 2026 14:32:56 GMT",Quickfire questions with Jane Dodds,"More stories from Wales. Alex McClean thanked strangers Wesley Beynon and Marc Willding, who rescued her nine-month-old baby from her burning car. A YouTube rabbit hole leads Avril Made Davidge to be obsessed with a US folk parade. A YouTube rabbit hole leads Avril Made Davidge to be obsessed with a US folk parade. Zac, 12, called 999 after calmly steered a speeding car into a central reservation when his mother fainted behind the wheel. Dr Alex George wants better assessment waiting times after",[],0.8176,"more stories from wales. alex mcclean thanked strangers wesley beynon and marc willding, who rescued her nine-month-old baby from her burning car. a youtube rabbit hole leads avril made davidge to be obsessed with a us folk parade. a youtube rabbit hole leads avril made davidge to be obsessed with a us folk parade. zac, 12, called 999 after calmly steered a speeding car into a central reservation when his mother fainted behind the wheel. dr alex george wants better assessment waiting times after",sport,0.21654378,False
351,https://www.bbc.com/news/videos/c2evew149g9o?at_medium=RSS&at_campaign=rss,"Sun, 26 Apr 2026 14:30:40 GMT",Quickfire questions with Rhun ap Iorwerth,More stories from Wales. Copyright 2026 BBC. All rights reserved. The BBC is not responsible for the content of external sites. Read about our approach to external linking.  ,['BBC'],-0.2411,more stories from wales. copyright 2026 bbc. all rights reserved. the bbc is not responsible for the content of external sites. read about our approach to external linking.,sport,0.21654378,False
352,https://www.bbc.com/news/videos/cx2620rk76jo?at_medium=RSS&at_campaign=rss,"Sun, 26 Apr 2026 14:30:27 GMT",Quickfire questions with Eluned Morgan,More stories from Wales. Copyright 2026 BBC. All rights reserved. The BBC is not responsible for the content of external sites. Read about our approach to external linking.  ,['BBC'],-0.2411,more stories from wales. copyright 2026 bbc. all rights reserved. the bbc is not responsible for the content of external sites. read about our approach to external linking.,sport,0.21654378,False
353,https://www.bbc.com/news/videos/cly6y131dplo?at_medium=RSS&at_campaign=rss,"Sun, 26 Apr 2026 14:30:16 GMT",Quickfire questions with Darren Millar,More stories from Wales. Copyright 2026 BBC. All rights reserved. The BBC is not responsible for the content of external sites. Read about our approach to external linking.  ,['BBC'],-0.2411,more stories from wales. copyright 2026 bbc. all rights reserved. the bbc is not responsible for the content of external sites. read about our approach to external linking.,sport,0.21654378,False
354,https://www.bbc.com/news/articles/c8x7x19kk82o?at_medium=RSS&at_campaign=rss,"Mon, 27 Apr 2026 12:20:23 GMT",UK 'great place' for country music - Tucker Wetmore,"US country singer Tucker Wetmore has said the rest of the world is ""catching up"" with how great the genre is, on his first full headline tour outside America.  Ahead of a show in Birmingham, he told BBC News he did not know what to expect from British audiences but had been overwhelmed by their enthusiasm. ""I have played a lot of shows, been a lot of places and done so much already, and it is crazy to see that it is still growing.""  The 26-year-old grew up in Washington state and started focusin",['BBC News'],0.7717,"us country singer tucker wetmore has said the rest of the world is ""catching up"" with how great the genre is, on his first full headline tour outside america.  ahead of a show in birmingham, he told bbc news he did not know what to expect from british audiences but had been overwhelmed by their enthusiasm. ""i have played a lot of shows, been a lot of places and done so much already, and it is crazy to see that it is still growing.""  the 26-year-old grew up in washington state and started focusin",sport,0.16234714,False
355,https://www.bbc.com/news/articles/cgldlnrdkpro?at_medium=RSS&at_campaign=rss,"Sun, 26 Apr 2026 21:00:55 GMT",Man becomes seventh Millionaire jackpot winner,"A retired IT analyst has become the seventh person to win the £1m jackpot on Who Wants To Be A Millionaire? Roman Dubowski said winning the ITV game show, which is hosted by Jeremy Clarkson, was ""unreal"", adding that he ""had to have a cup of tea"" afterwards and ""let it sink in"". The contestant, who does quizzing as a hobby, is planning on buying a new house with his prize money and also hopes to travel, including trips to New Zealand and South America. Dubowski, from Stockport, said that when he","['ITV', 'Stockport']",0.9231,"a retired it analyst has become the seventh person to win the £1m jackpot on who wants to be a millionaire? roman dubowski said winning the itv game show, which is hosted by jeremy clarkson, was ""unreal"", adding that he ""had to have a cup of tea"" afterwards and ""let it sink in"". the contestant, who does quizzing as a hobby, is planning on buying a new house with his prize money and also hopes to travel, including trips to new zealand and south america. dubowski, from stockport, said that when he",sport,0.13160022,False
356,https://www.bbc.com/news/articles/cy41xj53v07o?at_medium=RSS&at_campaign=rss,"Sun, 26 Apr 2026 00:11:46 GMT",'We have no sleep': What it's like to run a round-the-clock celebrity fan page,"""I feel like we have no sleep - we're at this 24 hours a day, seven days a week,"" says 25-year-old Canadian Jay. ""We're always posting."" He's a researcher for social media account Buzzing Pop, which has 250,000 followers on X and posts round-the-clock news and gossip about the biggest celebrities in the world. A quick scroll through Buzzing Pop's page reveals a video of Lady Gaga checking on a photographer who's fallen over on the red carpet, a list of Justin Bieber albums that have suddenly ret",['Justin Bieber'],-0.4404,"""i feel like we have no sleep - we're at this 24 hours a day, seven days a week,"" says 25-year-old canadian jay. ""we're always posting."" he's a researcher for social media account buzzing pop, which has 250,000 followers on x and posts round-the-clock news and gossip about the biggest celebrities in the world. a quick scroll through buzzing pop's page reveals a video of lady gaga checking on a photographer who's fallen over on the red carpet, a list of justin bieber albums that have suddenly ret",sport,0.13297713,False
357,https://www.bbc.com/news/articles/cy8138z5zn7o?at_medium=RSS&at_campaign=rss,"Sat, 25 Apr 2026 09:33:37 GMT",Tensions flare in heated I'm A Celebrity live final,Spoiler warning: This article reveals details about the final of I'm A Celebrity... South Africa. Tensions flared during the live final of I'm A Celebrity… Get Me Out of Here! on Friday after a drama-packed series. A heated argument broke out among the all-star cast over what was said when actor Adam Thomas launched a tirade at footballer Jimmy Bullard for almost causing his elimination from camp. Hosts Ant and Dec raised their voices to control the row - which also saw singer Sinitta and TV per,['Spoiler'],-0.8478,spoiler warning: this article reveals details about the final of i'm a celebrity... south africa. tensions flared during the live final of i'm a celebrity… get me out of here! on friday after a drama-packed series. a heated argument broke out among the all-star cast over what was said when actor adam thomas launched a tirade at footballer jimmy bullard for almost causing his elimination from camp. hosts ant and dec raised their voices to control the row - which also saw singer sinitta and tv per,entertainment,0.25090066,False
358,https://www.bbc.com/news/articles/cpd5w5vxv00o?at_medium=RSS&at_campaign=rss,"Sun, 26 Apr 2026 06:39:35 GMT",'I wrote The Cage to understand my brother's addiction',"The Bafta-nominated writer of a new ""high-energy crime story"" about gambling has said he wanted to write about addiction to better understand his late brother's battles with alcohol. Tony Schumacher said he had the idea for The Cage, which is set in a Liverpool casino, before his hit drama The Responder, which was also filmed in the city and aired in 2022. The drama, starring Sheridan Smith and Michael Socha, focuses on two casino workers involved in a high-stakes robbery. Schumacher, of Huyton,","['Responder', 'Huyton']",-0.4939,"the bafta-nominated writer of a new ""high-energy crime story"" about gambling has said he wanted to write about addiction to better understand his late brother's battles with alcohol. tony schumacher said he had the idea for the cage, which is set in a liverpool casino, before his hit drama the responder, which was also filmed in the city and aired in 2022. the drama, starring sheridan smith and michael socha, focuses on two casino workers involved in a high-stakes robbery. schumacher, of huyton,",entertainment,0.13472284,False
359,https://www.bbc.com/news/articles/cx29w1z1lkzo?at_medium=RSS&at_campaign=rss,"Sat, 25 Apr 2026 17:26:55 GMT",Influencer dies days after being hit by car in Soho,"A social media influencer has died six days after a car hit her and other pedestrians outside a nightclub in central London. Klaudia Zakrzewska, from Essex, was involved in the incident on Argyll Street in Soho at 04:30 BST on 19 April. She was taken to hospital but died on Saturday. Det Ch Insp Alison Foxwell said: ""We would like to express our deepest sympathies to Klaudia's family and friends in light of this tragic update. Our thoughts are also with everyone impacted by this."" Gabrielle Carr","['Klaudia', 'BST']",-0.6757,"a social media influencer has died six days after a car hit her and other pedestrians outside a nightclub in central london. klaudia zakrzewska, from essex, was involved in the incident on argyll street in soho at 04:30 bst on 19 april. she was taken to hospital but died on saturday. det ch insp alison foxwell said: ""we would like to express our deepest sympathies to klaudia's family and friends in light of this tragic update. our thoughts are also with everyone impacted by this."" gabrielle carr",entertainment,0.20352498,False
360,https://www.bbc.com/news/articles/cpvx9yjk9ggo?at_medium=RSS&at_campaign=rss,"Sat, 25 Apr 2026 10:51:29 GMT",Gladiator Giant claims he was axed over girlfriend's job,"Gladiators star Jamie Bigg, known as Giant, has left the BBC show following the end of this series. Bigg announced the news on his Instagram page on Friday, saying being a Gladiator had been ""one of the greatest honours of my life"". In a further statement, Bigg, from Ilkeston, Derbyshire, said: ""I made it clear that I was planning to go public with my relationship, including the fact my partner works as an OnlyFans creator, and shortly after that I was told I wouldn't be continuing on Gladiators","['Giant', 'Instagram', 'Gladiators', 'Derbyshire', 'BBC']",0.875,"gladiators star jamie bigg, known as giant, has left the bbc show following the end of this series. bigg announced the news on his instagram page on friday, saying being a gladiator had been ""one of the greatest honours of my life"". in a further statement, bigg, from ilkeston, derbyshire, said: ""i made it clear that i was planning to go public with my relationship, including the fact my partner works as an onlyfans creator, and shortly after that i was told i wouldn't be continuing on gladiators",entertainment,0.06531594,False
361,https://www.bbc.com/news/articles/c2482ql0zp4o?at_medium=RSS&at_campaign=rss,"Sat, 25 Apr 2026 00:32:21 GMT",Loud eaters and phones nearly spoiled my cinema trip - and it's not just me,"The cinema lights are low and you're cocooned in your seat, ready for the film to transport you to another world. But just as you settle in, you're jolted back to reality.  Audience members around you are scrolling on their phones, talking and munching loudly. Cinemas do clearly ask everyone not to disturb those around them - through the use of adverts, announcements and signs - but is behaviour getting worse? I experienced disruption a few weeks ago while watching Ryan Gosling's sci-fi movie, P",[],-0.1933,"the cinema lights are low and you're cocooned in your seat, ready for the film to transport you to another world. but just as you settle in, you're jolted back to reality.  audience members around you are scrolling on their phones, talking and munching loudly. cinemas do clearly ask everyone not to disturb those around them - through the use of adverts, announcements and signs - but is behaviour getting worse? i experienced disruption a few weeks ago while watching ryan gosling's sci-fi movie, p",tech,0.17038544,False
362,https://www.bbc.com/news/articles/cwyjdlq9k0go?at_medium=RSS&at_campaign=rss,"Sat, 25 Apr 2026 23:01:58 GMT",Noah Kahan was crowned a superstar. It messed with his head,"A couple of hours before we meet Noah Kahan in a vacant suite of his fancy West End hotel, he posts a video of a new song called Porchlight. Nothing unusual in that, you might think. But the video features the 29-year-old Vermonter singing from the lavatory of his hotel bathroom with a hashtag reading ""explosive diarrhoea"". So it's with a little trepidation that we greet him a couple of hours later. Is there a safe exit route if he's caught short? Should we ensure a plentiful supply of bananas? ",['Porchlight'],0.89,"a couple of hours before we meet noah kahan in a vacant suite of his fancy west end hotel, he posts a video of a new song called porchlight. nothing unusual in that, you might think. but the video features the 29-year-old vermonter singing from the lavatory of his hotel bathroom with a hashtag reading ""explosive diarrhoea"". so it's with a little trepidation that we greet him a couple of hours later. is there a safe exit route if he's caught short? should we ensure a plentiful supply of bananas?",sport,0.19521467,False
363,https://www.bbc.com/news/articles/c5yxmy5gnd0o?at_medium=RSS&at_campaign=rss,"Sat, 25 Apr 2026 01:38:59 GMT","Heated Rivalry, The Housemaid and Fourth Wing: TikTok launches BookTok bestseller list","If you've picked up a book recently, there's a good chance it's because someone on TikTok told you to. What we read is no longer driven by bookshops or bestseller charts alone, but by a constant stream of fast, highly personal recommendations.  From rapid-fire reviews to emotional reactions, creators are shaping reading habits at scale and #BookTok has more than 77 million posts. Now, this influence is being formalised with the launch of the UK's first official #BookTok bestseller list. The new ","['BookTok', 'TikTok']",0.3071,"if you've picked up a book recently, there's a good chance it's because someone on tiktok told you to. what we read is no longer driven by bookshops or bestseller charts alone, but by a constant stream of fast, highly personal recommendations.  from rapid-fire reviews to emotional reactions, creators are shaping reading habits at scale and #booktok has more than 77 million posts. now, this influence is being formalised with the launch of the uk's first official #booktok bestseller list. the new",tech,0.18780103,False
364,https://www.bbc.com/news/articles/cp8645d9lvyo?at_medium=RSS&at_campaign=rss,"Thu, 23 Apr 2026 23:05:11 GMT",Ringo Starr: 'I made all my mistakes on stage',"""Call me Ringo."" That's what the former Beatles drummer says when asked if we should call him Sir. He joins us at the swanky Sunset Marquis hotel in West Hollywood where rock stars have gathered for decades in a luxury oasis behind the Sunset Strip. We're here to talk music – specifically Ringo Starr's new country album, Long Long Road. But first we deal with the honorifics because although he was knighted in 2018 for his services to music, technically, he says, it's wrong to call him Sir Ringo ","['Ringo', ""Ringo Starr's""]",-0.1531,"""call me ringo."" that's what the former beatles drummer says when asked if we should call him sir. he joins us at the swanky sunset marquis hotel in west hollywood where rock stars have gathered for decades in a luxury oasis behind the sunset strip. we're here to talk music – specifically ringo starr's new country album, long long road. but first we deal with the honorifics because although he was knighted in 2018 for his services to music, technically, he says, it's wrong to call him sir ringo",entertainment,0.1757898,False
365,https://www.bbc.com/news/articles/c1mk155z07zo?at_medium=RSS&at_campaign=rss,"Fri, 24 Apr 2026 05:10:23 GMT","Paul Weller on Barbie, Billie Eilish and being a grandad","The Jam's Paul Weller says he is very lucky to be ""just another grandad"" as he prepares to launch his new album. The man nicknamed ""The Modfather"" says he is ""always looking to develop what I do"" ahead of the release of his latest record, Weller At The BBC Volume 2, which features live performances of his classic hits and interpretations of other artists' songs. The singer also heaped praise on Billie Eilish whose single What Was I Made For?, from the soundtrack of the 2023 Barbie film, is one o",['BBC'],0.7713,"the jam's paul weller says he is very lucky to be ""just another grandad"" as he prepares to launch his new album. the man nicknamed ""the modfather"" says he is ""always looking to develop what i do"" ahead of the release of his latest record, weller at the bbc volume 2, which features live performances of his classic hits and interpretations of other artists' songs. the singer also heaped praise on billie eilish whose single what was i made for?, from the soundtrack of the 2023 barbie film, is one o",entertainment,0.13436456,False
366,https://www.bbc.com/news/articles/c0krmr274mmo?at_medium=RSS&at_campaign=rss,"Fri, 24 Apr 2026 05:38:23 GMT","Half Man is a breathless, brutal drama that puts the fear of Gadd into you","If Ruben Pallister - the ferocious lead in BBC One drama Half Man - was in a room with any of TV's most brutal creations, you'd back him to leave it alive. The adult version of Ruben is played by series creator and writer Richard Gadd, who had his TV breakthrough with Netflix hit Baby Reindeer. At times Half Man is a searing hot take on masculinity - but there is far more in Gadd's smelting pot here. Its release comes a year after Adolescence, which posed questions about why teenager Jamie Mille","['BBC', 'Netflix', 'Ruben']",0.1136,"if ruben pallister - the ferocious lead in bbc one drama half man - was in a room with any of tv's most brutal creations, you'd back him to leave it alive. the adult version of ruben is played by series creator and writer richard gadd, who had his tv breakthrough with netflix hit baby reindeer. at times half man is a searing hot take on masculinity - but there is far more in gadd's smelting pot here. its release comes a year after adolescence, which posed questions about why teenager jamie mille",entertainment,0.1490067,False
367,https://www.bbc.com/news/articles/c80mzk88l0eo?at_medium=RSS&at_campaign=rss,"Thu, 23 Apr 2026 09:41:48 GMT",Mythical shapes and the impact of oil: The nominees for the art world's most prestigious prize,"A spoken-word performance about life in the industrial north and sculptures which examine the political history of oil are among the shortlisted artworks for this year's Turner Prize. The works by artists Simeon Barclay, Kira Freije, Marguerite Humeau, and Tanoa Sasraku will go on display in Middlesbrough later this year before a winner is announced in December. Jury chair Alex Farquharson said the shortlisted works offered ""a compelling reflection of the breadth and vitality of contemporary Bri",['Turner Prize'],0.8834,"a spoken-word performance about life in the industrial north and sculptures which examine the political history of oil are among the shortlisted artworks for this year's turner prize. the works by artists simeon barclay, kira freije, marguerite humeau, and tanoa sasraku will go on display in middlesbrough later this year before a winner is announced in december. jury chair alex farquharson said the shortlisted works offered ""a compelling reflection of the breadth and vitality of contemporary bri",entertainment,0.22856249,False
368,https://www.bbc.com/sport/football/articles/cm293m3mr7zo?at_medium=RSS&at_campaign=rss,"Fri, 24 Apr 2026 09:21:26 GMT",How Lineker and Neville became rival media moguls,"How Lineker and Neville became rival media moguls Gary Lineker's final game in English football was in May 1992, a few months before Gary Neville made his debut for Manchester United. But while two of England's most capped internationals never crossed paths on the pitch, they have since emerged as rivals in business. Lineker and Neville are now two of the biggest players in a rapidly changing media industry, each with their own digital empires, via their Goalhanger and Overlap platforms respecti",[],0.2263,"how lineker and neville became rival media moguls gary lineker's final game in english football was in may 1992, a few months before gary neville made his debut for manchester united. but while two of england's most capped internationals never crossed paths on the pitch, they have since emerged as rivals in business. lineker and neville are now two of the biggest players in a rapidly changing media industry, each with their own digital empires, via their goalhanger and overlap platforms respecti",sport,0.0657441,False
369,https://www.bbc.com/news/articles/c0krl571l67o?at_medium=RSS&at_campaign=rss,"Tue, 21 Apr 2026 23:52:36 GMT",Foo Fighters interview: 'We're a different band without Taylor Hawkins',"""I'm 57 years old,"" says Dave Grohl. ""But there are still times where I feel like the little punk I was at 13. ""I can still connect with that side of myself where I can scream and we can thrash, and it feels good."" As if to prove it, the rock frontman has gone back to his post-grunge, punk roots on Foo Fighters' 12th album, Your Favourite Toy. He has described the record as a ""powder keg"", as ""burning diesel"", and even a spicy ""jambalaya"" – and it's certainly harder and faster than anything the ","[""Foo Fighters'""]",0.3612,"""i'm 57 years old,"" says dave grohl. ""but there are still times where i feel like the little punk i was at 13. ""i can still connect with that side of myself where i can scream and we can thrash, and it feels good."" as if to prove it, the rock frontman has gone back to his post-grunge, punk roots on foo fighters' 12th album, your favourite toy. he has described the record as a ""powder keg"", as ""burning diesel"", and even a spicy ""jambalaya"" – and it's certainly harder and faster than anything the",sport,0.14725564,False
